pokedex_number,name,Type,Legendary,generation,Body-Style,Color,hp,def,atk,sp_def,sp_atk,spd,base_total
1,Bulbasaur,grass,0,1,quadruped,Green,45,49,49,65,65,45,318
2,Ivysaur,grass,0,1,quadruped,Green,60,63,62,80,80,60,405
3,Venusaur,grass,0,1,quadruped,Green,80,123,100,120,122,80,625
4,Charmander,fire,0,1,bipedal_tailed,Red,39,43,52,50,60,65,309
5,Charmeleon,fire,0,1,bipedal_tailed,Red,58,58,64,65,80,80,405
6,Charizard,fire,0,1,bipedal_tailed,Red,78,78,104,115,159,100,634
7,Squirtle,water,0,1,bipedal_tailed,Blue,44,65,48,64,50,43,314
8,Wartortle,water,0,1,bipedal_tailed,Blue,59,80,63,80,65,58,405
9,Blastoise,water,0,1,bipedal_tailed,Blue,79,120,103,115,135,78,630
10,Caterpie,bug,0,1,insectoid,Green,45,35,30,20,20,45,195
11,Metapod,bug,0,1,serpentine_body,Green,50,55,20,25,25,30,205
12,Butterfree,bug,0,1,four_wings,White,60,50,45,80,90,70,395
13,Weedle,bug,0,1,serpentine_body,Brown,40,30,35,20,20,50,195
14,Kakuna,bug,0,1,serpentine_body,Yellow,45,50,25,25,25,35,205
15,Beedrill,bug,0,1,four_wings,Yellow,65,40,150,80,15,145,495
16,Pidgey,normal,0,1,two_wings,Brown,40,40,45,35,35,56,251
17,Pidgeotto,normal,0,1,two_wings,Brown,63,55,60,50,50,71,349
18,Pidgeot,normal,0,1,two_wings,Brown,83,80,80,80,135,121,579
19,Rattata,normal,0,1,quadruped,Purple,30,35,56,35,25,72,253
20,Raticate,normal,0,1,quadruped,Brown,75,70,71,80,40,77,413
21,Spearow,normal,0,1,two_wings,Brown,40,30,60,31,31,70,262
22,Fearow,normal,0,1,two_wings,Brown,65,65,90,61,61,100,442
23,Ekans,poison,0,1,serpentine_body,Purple,35,44,60,54,40,55,288
24,Arbok,poison,0,1,serpentine_body,Purple,60,69,95,79,65,80,448
25,Pikachu,electric,0,1,quadruped,Yellow,35,40,55,50,50,90,320
26,Raichu,electric,0,1,bipedal_tailed,Yellow,60,50,85,85,95,110,485
27,Sandshrew,ground,0,1,bipedal_tailed,Yellow,50,90,75,35,10,40,300
28,Sandslash,ground,0,1,bipedal_tailed,Yellow,75,120,100,65,25,65,450
29,Nidoran-f,poison,0,1,quadruped,Blue,55,52,47,40,40,41,275
30,Nidorina,poison,0,1,quadruped,Blue,70,67,62,55,55,56,365
31,Nidoqueen,poison,0,1,bipedal_tailed,Blue,90,87,92,85,75,76,505
32,Nidoran-m,poison,0,1,quadruped,Purple,46,40,57,40,40,50,273
33,Nidorino,poison,0,1,quadruped,Purple,61,57,72,55,55,65,365
34,Nidoking,poison,0,1,bipedal_tailed,Purple,81,77,102,75,85,85,505
35,Clefairy,fairy,0,1,bipedal_tailed,Pink,70,48,45,65,60,35,323
36,Clefable,fairy,0,1,bipedal_tailed,Pink,95,73,70,90,95,60,483
37,Vulpix,fire,0,1,quadruped,Brown,38,40,41,65,50,65,299
38,Ninetales,fire,0,1,quadruped,Yellow,73,75,67,100,81,109,505
39,Jigglypuff,normal,0,1,bipedal_tailless,Pink,115,20,45,25,45,20,270
40,Wigglytuff,normal,0,1,bipedal_tailless,Pink,140,45,70,50,85,45,435
41,Zubat,poison,0,1,two_wings,Purple,40,35,45,40,30,55,245
42,Golbat,poison,0,1,two_wings,Purple,75,70,80,75,65,90,455
43,Oddish,grass,0,1,head_legs,Blue,45,55,50,65,75,30,320
44,Gloom,grass,0,1,bipedal_tailless,Blue,60,70,65,75,85,40,395
45,Vileplume,grass,0,1,bipedal_tailless,Red,75,85,80,90,110,50,490
46,Paras,bug,0,1,insectoid,Red,35,55,70,55,45,25,285
47,Parasect,bug,0,1,insectoid,Red,60,80,95,80,60,30,405
48,Venonat,bug,0,1,bipedal_tailless,Purple,60,50,55,55,40,45,305
49,Venomoth,bug,0,1,four_wings,Purple,70,60,65,75,90,90,450
50,Diglett,ground,0,1,head_base,Brown,10,30,55,45,35,90,265
51,Dugtrio,ground,0,1,multiple_bodies,Brown,35,60,100,70,50,110,425
52,Meowth,normal,0,1,quadruped,Yellow,40,35,35,40,50,90,290
53,Persian,normal,0,1,quadruped,Yellow,65,60,60,65,75,115,440
54,Psyduck,water,0,1,bipedal_tailed,Yellow,50,48,52,50,65,55,320
55,Golduck,water,0,1,bipedal_tailed,Blue,80,78,82,80,95,85,500
56,Mankey,fighting,0,1,bipedal_tailed,Brown,40,35,80,45,35,70,305
57,Primeape,fighting,0,1,bipedal_tailed,Brown,65,60,105,70,60,95,455
58,Growlithe,fire,0,1,quadruped,Brown,55,45,70,50,70,60,350
59,Arcanine,fire,0,1,quadruped,Brown,90,80,110,80,100,95,555
60,Poliwag,water,0,1,head_legs,Blue,40,40,50,40,40,90,300
61,Poliwhirl,water,0,1,bipedal_tailless,Blue,65,65,65,50,50,90,385
62,Poliwrath,water,0,1,bipedal_tailless,Blue,90,95,95,90,70,70,510
63,Abra,psychic,0,1,bipedal_tailed,Brown,25,15,20,55,105,90,310
64,Kadabra,psychic,0,1,bipedal_tailed,Brown,40,30,35,70,120,105,400
65,Alakazam,psychic,0,1,bipedal_tailless,Brown,55,65,50,105,175,150,600
66,Machop,fighting,0,1,bipedal_tailed,Grey,70,50,80,35,35,35,305
67,Machoke,fighting,0,1,bipedal_tailless,Grey,80,70,100,60,50,45,405
68,Machamp,fighting,0,1,bipedal_tailless,Grey,90,80,130,85,65,55,505
69,Bellsprout,grass,0,1,bipedal_tailless,Green,50,35,75,30,70,40,300
70,Weepinbell,grass,0,1,head_base,Green,65,50,90,45,85,55,390
71,Victreebel,grass,0,1,head_base,Green,80,65,105,70,100,70,490
72,Tentacool,water,0,1,several_limbs,Blue,40,35,40,100,50,70,335
73,Tentacruel,water,0,1,several_limbs,Blue,80,65,70,120,80,100,515
74,Geodude,rock,0,1,head_arms,Brown,40,100,80,30,30,20,300
75,Graveler,rock,0,1,bipedal_tailless,Brown,55,115,95,45,45,35,390
76,Golem,rock,0,1,bipedal_tailless,Brown,80,130,120,65,55,45,495
77,Ponyta,fire,0,1,quadruped,Yellow,50,55,85,65,65,90,410
78,Rapidash,fire,0,1,quadruped,Yellow,65,70,100,80,80,105,500
79,Slowpoke,water,0,1,quadruped,Pink,90,65,65,40,40,15,315
80,Slowbro,water,0,1,bipedal_tailed,Pink,95,180,75,80,130,30,590
81,Magnemite,electric,0,1,head_arms,Grey,25,70,35,55,95,45,325
82,Magneton,electric,0,1,multiple_bodies,Grey,50,95,60,70,120,70,465
83,Farfetchd,normal,0,1,two_wings,Brown,52,55,90,62,58,60,377
84,Doduo,normal,0,1,head_legs,Brown,35,45,85,35,35,75,310
85,Dodrio,normal,0,1,head_legs,Brown,60,70,110,60,60,110,470
86,Seel,water,0,1,with_fins,White,65,55,45,70,45,45,325
87,Dewgong,water,0,1,with_fins,White,90,80,70,95,70,70,475
88,Grimer,poison,0,1,head_arms,Purple,80,50,80,50,40,25,325
89,Muk,poison,0,1,head_arms,Purple,105,75,105,100,65,50,500
90,Shellder,water,0,1,head_only,Purple,30,100,65,25,45,40,305
91,Cloyster,water,0,1,head_only,Purple,50,180,95,45,85,70,525
92,Gastly,ghost,0,1,head_only,Purple,30,30,35,35,100,80,310
93,Haunter,ghost,0,1,head_arms,Purple,45,45,50,55,115,95,405
94,Gengar,ghost,0,1,bipedal_tailed,Purple,60,80,65,95,170,130,600
95,Onix,rock,0,1,serpentine_body,Grey,35,160,45,45,30,70,385
96,Drowzee,psychic,0,1,bipedal_tailless,Yellow,60,45,48,90,43,42,328
97,Hypno,psychic,0,1,bipedal_tailless,Yellow,85,70,73,115,73,67,483
98,Krabby,water,0,1,insectoid,Red,30,90,105,25,25,50,325
99,Kingler,water,0,1,insectoid,Red,55,115,130,50,50,75,475
100,Voltorb,electric,0,1,head_only,Red,40,50,30,55,55,100,330
101,Electrode,electric,0,1,head_only,Red,60,70,50,80,80,150,490
102,Exeggcute,grass,0,1,multiple_bodies,Pink,60,80,40,45,60,40,325
103,Exeggutor,grass,0,1,head_legs,Yellow,95,85,105,75,125,45,530
104,Cubone,ground,0,1,bipedal_tailed,Brown,50,95,50,50,40,35,320
105,Marowak,ground,0,1,bipedal_tailed,Brown,60,110,80,80,50,45,425
106,Hitmonlee,fighting,0,1,bipedal_tailless,Brown,50,53,120,110,35,87,455
107,Hitmonchan,fighting,0,1,bipedal_tailless,Brown,50,79,105,110,35,76,455
108,Lickitung,normal,0,1,bipedal_tailed,Pink,90,75,55,75,60,30,385
109,Koffing,poison,0,1,head_only,Purple,40,95,65,45,60,35,340
110,Weezing,poison,0,1,multiple_bodies,Purple,65,120,90,70,85,60,490
111,Rhyhorn,ground,0,1,quadruped,Grey,80,95,85,30,30,25,345
112,Rhydon,ground,0,1,bipedal_tailed,Grey,105,120,130,45,45,40,485
113,Chansey,normal,0,1,bipedal_tailed,Pink,250,5,5,105,35,50,450
114,Tangela,grass,0,1,head_legs,Blue,65,115,55,40,100,60,435
115,Kangaskhan,normal,0,1,bipedal_tailed,Brown,105,100,125,100,60,100,590
116,Horsea,water,0,1,head_base,Blue,30,70,40,25,70,60,295
117,Seadra,water,0,1,head_base,Blue,55,95,65,45,95,85,440
118,Goldeen,water,0,1,with_fins,Red,45,60,67,50,35,63,320
119,Seaking,water,0,1,with_fins,Red,80,65,92,80,65,68,450
120,Staryu,water,0,1,head_base,Brown,30,55,45,55,70,85,340
121,Starmie,water,0,1,head_base,Purple,60,85,75,85,100,115,520
122,Mr-mime,psychic,0,1,bipedal_tailless,Pink,40,65,45,120,100,90,460
123,Scyther,bug,0,1,four_wings,Green,70,80,110,80,55,105,500
124,Jynx,ice,0,1,bipedal_tailless,Red,65,35,50,95,115,95,455
125,Electabuzz,electric,0,1,bipedal_tailed,Yellow,65,57,83,85,95,105,490
126,Magmar,fire,0,1,bipedal_tailed,Red,65,57,95,85,100,93,495
127,Pinsir,bug,0,1,bipedal_tailless,Brown,65,120,155,90,65,105,600
128,Tauros,normal,0,1,quadruped,Brown,75,95,100,70,40,110,490
129,Magikarp,water,0,1,with_fins,Red,20,55,10,20,15,80,200
130,Gyarados,water,0,1,serpentine_body,Blue,95,109,155,130,70,81,640
131,Lapras,water,0,1,with_fins,Blue,130,80,85,95,85,60,535
132,Ditto,normal,0,1,head_only,Purple,48,48,48,48,48,48,288
133,Eevee,normal,0,1,quadruped,Brown,55,50,55,65,45,55,325
134,Vaporeon,water,0,1,quadruped,Blue,130,60,65,95,110,65,525
135,Jolteon,electric,0,1,quadruped,Yellow,65,60,65,95,110,130,525
136,Flareon,fire,0,1,quadruped,Red,65,60,130,110,95,65,525
137,Porygon,normal,0,1,head_legs,Pink,65,70,60,75,85,40,395
138,Omanyte,rock,0,1,several_limbs,Blue,35,100,40,55,90,35,355
139,Omastar,rock,0,1,several_limbs,Blue,70,125,60,70,115,55,495
140,Kabuto,rock,0,1,insectoid,Brown,30,90,80,45,55,55,355
141,Kabutops,rock,0,1,bipedal_tailed,Brown,60,105,115,70,65,80,495
142,Aerodactyl,rock,0,1,two_wings,Purple,80,85,135,95,70,150,615
143,Snorlax,normal,0,1,bipedal_tailless,Black,160,65,110,110,65,30,540
144,Articuno,ice,1,1,two_wings,Blue,90,100,85,125,95,85,580
145,Zapdos,electric,1,1,two_wings,Yellow,90,85,90,90,125,100,580
146,Moltres,fire,1,1,two_wings,Yellow,90,90,100,85,125,90,580
147,Dratini,dragon,0,1,serpentine_body,Blue,41,45,64,50,50,50,300
148,Dragonair,dragon,0,1,serpentine_body,Blue,61,65,84,70,70,70,420
149,Dragonite,dragon,0,1,bipedal_tailed,Brown,91,95,134,100,100,80,600
150,Mewtwo,psychic,1,1,bipedal_tailed,Purple,106,70,150,120,194,140,780
151,Mew,psychic,1,1,bipedal_tailed,Pink,100,100,100,100,100,100,600
152,Chikorita,grass,0,2,quadruped,Green,45,65,49,65,49,45,318
153,Bayleef,grass,0,2,quadruped,Green,60,80,62,80,63,60,405
154,Meganium,grass,0,2,quadruped,Green,80,100,82,100,83,80,525
155,Cyndaquil,fire,0,2,bipedal_tailless,Yellow,39,43,52,50,60,65,309
156,Quilava,fire,0,2,quadruped,Yellow,58,58,64,65,80,80,405
157,Typhlosion,fire,0,2,quadruped,Yellow,78,78,84,85,109,100,534
158,Totodile,water,0,2,bipedal_tailed,Blue,50,64,65,48,44,43,314
159,Croconaw,water,0,2,bipedal_tailed,Blue,65,80,80,63,59,58,405
160,Feraligatr,water,0,2,bipedal_tailed,Blue,85,100,105,83,79,78,530
161,Sentret,normal,0,2,quadruped,Brown,35,34,46,45,35,20,215
162,Furret,normal,0,2,quadruped,Brown,85,64,76,55,45,90,415
163,Hoothoot,normal,0,2,two_wings,Brown,60,30,30,56,36,50,262
164,Noctowl,normal,0,2,two_wings,Brown,100,50,50,96,86,70,452
165,Ledyba,bug,0,2,two_wings,Red,40,30,20,80,40,55,265
166,Ledian,bug,0,2,two_wings,Red,55,50,35,110,55,85,390
167,Spinarak,bug,0,2,insectoid,Green,40,40,60,40,40,30,250
168,Ariados,bug,0,2,insectoid,Red,70,70,90,70,60,40,400
169,Crobat,poison,0,2,four_wings,Purple,85,80,90,80,70,130,535
170,Chinchou,water,0,2,with_fins,Blue,75,38,38,56,56,67,330
171,Lanturn,water,0,2,with_fins,Blue,125,58,58,76,76,67,460
172,Pichu,electric,0,2,quadruped,Yellow,20,15,40,35,35,60,205
173,Cleffa,fairy,0,2,bipedal_tailed,Pink,50,28,25,55,45,15,218
174,Igglybuff,normal,0,2,bipedal_tailless,Pink,90,15,30,20,40,15,210
175,Togepi,fairy,0,2,bipedal_tailless,White,35,65,20,65,40,20,245
176,Togetic,fairy,0,2,bipedal_tailless,White,55,85,40,105,80,40,405
177,Natu,psychic,0,2,two_wings,Green,40,45,50,45,70,70,320
178,Xatu,psychic,0,2,two_wings,Green,65,70,75,70,95,95,470
179,Mareep,electric,0,2,quadruped,White,55,40,40,45,65,35,280
180,Flaaffy,electric,0,2,bipedal_tailed,Pink,70,55,55,60,80,45,365
181,Ampharos,electric,0,2,bipedal_tailed,Yellow,90,105,95,110,165,45,610
182,Bellossom,grass,0,2,bipedal_tailless,Green,75,95,80,100,90,50,490
183,Marill,water,0,2,bipedal_tailed,Blue,70,50,20,50,20,40,250
184,Azumarill,water,0,2,bipedal_tailed,Blue,100,80,50,80,60,50,420
185,Sudowoodo,rock,0,2,bipedal_tailless,Brown,70,115,100,65,30,30,410
186,Politoed,water,0,2,bipedal_tailed,Green,90,75,75,100,90,70,500
187,Hoppip,grass,0,2,bipedal_tailed,Pink,35,40,35,55,35,50,250
188,Skiploom,grass,0,2,bipedal_tailed,Green,55,50,45,65,45,80,340
189,Jumpluff,grass,0,2,bipedal_tailed,Blue,75,70,55,95,55,110,460
190,Aipom,normal,0,2,bipedal_tailed,Purple,55,55,70,55,40,85,360
191,Sunkern,grass,0,2,head_only,Yellow,30,30,30,30,30,30,180
192,Sunflora,grass,0,2,bipedal_tailless,Yellow,75,55,75,85,105,30,425
193,Yanma,bug,0,2,four_wings,Red,65,45,65,45,75,95,390
194,Wooper,water,0,2,head_legs,Blue,55,45,45,25,25,15,210
195,Quagsire,water,0,2,bipedal_tailed,Blue,95,85,85,65,65,35,430
196,Espeon,psychic,0,2,quadruped,Purple,65,60,65,95,130,110,525
197,Umbreon,dark,0,2,quadruped,Black,95,110,65,130,60,65,525
198,Murkrow,dark,0,2,two_wings,Black,60,42,85,42,85,91,405
199,Slowking,water,0,2,bipedal_tailed,Pink,95,80,75,110,100,30,490
200,Misdreavus,ghost,0,2,head_only,Purple,60,60,60,85,85,85,435
201,Unown,psychic,0,2,head_only,Black,48,48,72,48,72,48,336
202,Wobbuffet,psychic,0,2,head_base,Blue,190,58,33,58,33,33,405
203,Girafarig,normal,0,2,quadruped,Yellow,70,65,80,65,90,85,455
204,Pineco,bug,0,2,head_only,Grey,50,90,65,35,35,15,290
205,Forretress,bug,0,2,head_only,Purple,75,140,90,60,60,40,465
206,Dunsparce,normal,0,2,serpentine_body,Yellow,100,70,70,65,65,45,415
207,Gligar,ground,0,2,two_wings,Purple,65,105,75,65,35,85,430
208,Steelix,steel,0,2,serpentine_body,Grey,75,230,125,95,55,30,610
209,Snubbull,fairy,0,2,bipedal_tailless,Pink,60,50,80,40,40,30,300
210,Granbull,fairy,0,2,bipedal_tailed,Purple,90,75,120,60,60,45,450
211,Qwilfish,water,0,2,with_fins,Grey,65,85,95,55,55,85,440
212,Scizor,bug,0,2,four_wings,Red,70,140,150,100,65,75,600
213,Shuckle,bug,0,2,insectoid,Yellow,20,230,10,230,10,5,505
214,Heracross,bug,0,2,bipedal_tailless,Blue,80,115,185,105,40,75,600
215,Sneasel,dark,0,2,bipedal_tailed,Black,55,55,95,75,35,115,430
216,Teddiursa,normal,0,2,bipedal_tailed,Brown,60,50,80,50,50,40,330
217,Ursaring,normal,0,2,bipedal_tailed,Brown,90,75,130,75,75,55,500
218,Slugma,fire,0,2,serpentine_body,Red,40,40,40,40,70,20,250
219,Magcargo,fire,0,2,serpentine_body,Red,60,120,50,80,90,30,430
220,Swinub,ice,0,2,quadruped,Brown,50,40,50,30,30,50,250
221,Piloswine,ice,0,2,quadruped,Brown,100,80,100,60,60,50,450
222,Corsola,water,0,2,insectoid,Pink,65,95,55,95,65,35,410
223,Remoraid,water,0,2,with_fins,Grey,35,35,65,35,65,65,300
224,Octillery,water,0,2,several_limbs,Red,75,75,105,75,105,45,480
225,Delibird,ice,0,2,two_wings,Red,45,45,55,45,65,75,330
226,Mantine,water,0,2,two_wings,Purple,85,70,40,140,80,70,485
227,Skarmory,steel,0,2,two_wings,Grey,65,140,80,70,40,70,465
228,Houndour,dark,0,2,quadruped,Black,45,30,60,50,80,65,330
229,Houndoom,dark,0,2,quadruped,Black,75,90,90,90,140,115,600
230,Kingdra,water,0,2,head_base,Blue,75,95,95,95,95,85,540
231,Phanpy,ground,0,2,quadruped,Blue,90,60,60,40,40,40,330
232,Donphan,ground,0,2,quadruped,Grey,90,120,120,60,60,50,500
233,Porygon2,normal,0,2,head_legs,Red,85,90,80,95,105,60,515
234,Stantler,normal,0,2,quadruped,Brown,73,62,95,65,85,85,465
235,Smeargle,normal,0,2,bipedal_tailed,White,55,35,20,45,20,75,250
236,Tyrogue,fighting,0,2,bipedal_tailless,Purple,35,35,35,35,35,35,210
237,Hitmontop,fighting,0,2,bipedal_tailed,Brown,50,95,95,110,35,70,455
238,Smoochum,ice,0,2,bipedal_tailless,Pink,45,15,30,65,85,65,305
239,Elekid,electric,0,2,bipedal_tailless,Yellow,45,37,63,55,65,95,360
240,Magby,fire,0,2,bipedal_tailed,Red,45,37,75,55,70,83,365
241,Miltank,normal,0,2,bipedal_tailed,Pink,95,105,80,70,40,100,490
242,Blissey,normal,0,2,bipedal_tailless,Pink,255,10,10,135,75,55,540
243,Raikou,electric,1,2,quadruped,Yellow,90,75,85,100,115,115,580
244,Entei,fire,1,2,quadruped,Brown,115,85,115,75,90,100,580
245,Suicune,water,1,2,quadruped,Blue,100,115,75,115,90,85,580
246,Larvitar,rock,0,2,bipedal_tailed,Green,50,50,64,50,45,41,300
247,Pupitar,rock,0,2,serpentine_body,Grey,70,70,84,70,65,51,410
248,Tyranitar,rock,0,2,bipedal_tailed,Green,100,150,164,120,95,71,700
249,Lugia,psychic,1,2,two_wings,White,106,130,90,154,90,110,680
250,Ho-Oh,fire,1,2,two_wings,Red,106,90,130,154,110,90,680
251,Celebi,psychic,1,2,bipedal_tailless,Green,100,100,100,100,100,100,600
252,Treecko,grass,0,3,bipedal_tailed,Green,40,35,45,55,65,70,310
253,Grovyle,grass,0,3,bipedal_tailed,Green,50,45,65,65,85,95,405
254,Sceptile,grass,0,3,bipedal_tailed,Green,70,75,110,85,145,145,630
255,Torchic,fire,0,3,head_legs,Red,45,40,60,50,70,45,310
256,Combusken,fire,0,3,bipedal_tailed,Red,60,60,85,60,85,55,405
257,Blaziken,fire,0,3,bipedal_tailed,Red,80,80,160,80,130,100,630
258,Mudkip,water,0,3,quadruped,Blue,50,50,70,50,50,40,310
259,Marshtomp,water,0,3,bipedal_tailed,Blue,70,70,85,70,60,50,405
260,Swampert,water,0,3,bipedal_tailed,Blue,100,110,150,110,95,70,635
261,Poochyena,dark,0,3,quadruped,Grey,35,35,55,30,30,35,220
262,Mightyena,dark,0,3,quadruped,Grey,70,70,90,60,60,70,420
263,Zigzagoon,normal,0,3,quadruped,Brown,38,41,30,41,30,60,240
264,Linoone,normal,0,3,quadruped,White,78,61,70,61,50,100,420
265,Wurmple,bug,0,3,serpentine_body,Red,45,35,45,30,20,20,195
266,Silcoon,bug,0,3,head_only,White,50,55,35,25,25,15,205
267,Beautifly,bug,0,3,four_wings,Yellow,60,50,70,50,100,65,395
268,Cascoon,bug,0,3,head_only,Purple,50,55,35,25,25,15,205
269,Dustox,bug,0,3,four_wings,Green,60,70,50,90,50,65,385
270,Lotad,water,0,3,insectoid,Green,40,30,30,50,40,30,220
271,Lombre,water,0,3,bipedal_tailless,Green,60,50,50,70,60,50,340
272,Ludicolo,water,0,3,bipedal_tailless,Green,80,70,70,100,90,70,480
273,Seedot,grass,0,3,head_legs,Brown,40,50,40,30,30,30,220
274,Nuzleaf,grass,0,3,bipedal_tailless,Brown,70,40,70,40,60,60,340
275,Shiftry,grass,0,3,bipedal_tailless,Brown,90,60,100,60,90,80,480
276,Taillow,normal,0,3,two_wings,Blue,40,30,55,30,30,85,270
277,Swellow,normal,0,3,two_wings,Blue,60,60,85,50,75,125,455
278,Wingull,water,0,3,two_wings,White,40,30,30,30,55,85,270
279,Pelipper,water,0,3,two_wings,Yellow,60,100,50,70,95,65,440
280,Ralts,psychic,0,3,bipedal_tailless,White,28,25,25,35,45,40,198
281,Kirlia,psychic,0,3,bipedal_tailless,White,38,35,35,55,65,50,278
282,Gardevoir,psychic,0,3,bipedal_tailless,White,68,65,85,135,165,100,618
283,Surskit,bug,0,3,insectoid,Blue,40,32,30,52,50,65,269
284,Masquerain,bug,0,3,four_wings,Blue,70,62,60,82,100,80,454
285,Shroomish,grass,0,3,head_legs,Brown,60,60,40,60,40,35,295
286,Breloom,grass,0,3,bipedal_tailed,Green,60,80,130,60,60,70,460
287,Slakoth,normal,0,3,quadruped,Brown,60,60,60,35,35,30,280
288,Vigoroth,normal,0,3,bipedal_tailed,White,80,80,80,55,55,90,440
289,Slaking,normal,0,3,bipedal_tailless,Brown,150,100,160,65,95,100,670
290,Nincada,bug,0,3,insectoid,Grey,31,90,45,30,30,40,266
291,Ninjask,bug,0,3,four_wings,Yellow,61,45,90,50,50,160,456
292,Shedinja,bug,0,3,head_base,Brown,1,45,90,30,30,40,236
293,Whismur,normal,0,3,bipedal_tailed,Pink,64,23,51,23,51,28,240
294,Loudred,normal,0,3,bipedal_tailed,Blue,84,43,71,43,71,48,360
295,Exploud,normal,0,3,bipedal_tailed,Blue,104,63,91,73,91,68,490
296,Makuhita,fighting,0,3,bipedal_tailless,Yellow,72,30,60,30,20,25,237
297,Hariyama,fighting,0,3,bipedal_tailless,Brown,144,60,120,60,40,50,474
298,Azurill,normal,0,3,head_legs,Blue,50,40,20,40,20,20,190
299,Nosepass,rock,0,3,bipedal_tailless,Grey,30,135,45,90,45,30,375
300,Skitty,normal,0,3,quadruped,Pink,50,45,45,35,35,50,260
301,Delcatty,normal,0,3,quadruped,Purple,70,65,65,55,55,90,400
302,Sableye,dark,0,3,bipedal_tailless,Purple,50,125,85,115,85,20,480
303,Mawile,steel,0,3,bipedal_tailless,Black,50,125,105,95,55,50,480
304,Aron,steel,0,3,quadruped,Grey,50,100,70,40,40,30,330
305,Lairon,steel,0,3,quadruped,Grey,60,140,90,50,50,40,430
306,Aggron,steel,0,3,bipedal_tailed,Grey,70,230,140,80,60,50,630
307,Meditite,fighting,0,3,bipedal_tailless,Blue,30,55,40,55,40,60,280
308,Medicham,fighting,0,3,bipedal_tailless,Red,60,85,100,85,80,100,510
309,Electrike,electric,0,3,quadruped,Green,40,40,45,40,65,65,295
310,Manectric,electric,0,3,quadruped,Yellow,70,80,75,80,135,135,575
311,Plusle,electric,0,3,bipedal_tailed,Yellow,60,40,50,75,85,95,405
312,Minun,electric,0,3,bipedal_tailed,Yellow,60,50,40,85,75,95,405
313,Volbeat,bug,0,3,bipedal_tailed,Grey,65,75,73,85,47,85,430
314,Illumise,bug,0,3,bipedal_tailless,Purple,65,75,47,85,73,85,430
315,Roselia,grass,0,3,bipedal_tailless,Green,50,45,60,80,100,65,400
316,Gulpin,poison,0,3,head_arms,Green,70,53,43,53,43,40,302
317,Swalot,poison,0,3,head_arms,Purple,100,83,73,83,73,55,467
318,Carvanha,water,0,3,with_fins,Red,45,20,90,20,65,65,305
319,Sharpedo,water,0,3,with_fins,Blue,70,70,140,65,110,105,560
320,Wailmer,water,0,3,with_fins,Blue,130,35,70,35,70,60,400
321,Wailord,water,0,3,with_fins,Blue,170,45,90,45,90,60,500
322,Numel,fire,0,3,quadruped,Yellow,60,40,60,45,65,35,305
323,Camerupt,fire,0,3,quadruped,Red,70,100,120,105,145,20,560
324,Torkoal,fire,0,3,quadruped,Brown,70,140,85,70,85,20,470
325,Spoink,psychic,0,3,head_arms,Black,60,35,25,80,70,60,330
326,Grumpig,psychic,0,3,bipedal_tailed,Purple,80,65,45,110,90,80,470
327,Spinda,normal,0,3,bipedal_tailed,Brown,60,60,60,60,60,60,360
328,Trapinch,ground,0,3,insectoid,Brown,45,45,100,45,45,10,290
329,Vibrava,ground,0,3,four_wings,Green,50,50,70,50,50,70,340
330,Flygon,ground,0,3,two_wings,Green,80,80,100,80,80,100,520
331,Cacnea,grass,0,3,bipedal_tailless,Green,50,40,85,40,85,35,335
332,Cacturne,grass,0,3,bipedal_tailless,Green,70,60,115,60,115,55,475
333,Swablu,normal,0,3,two_wings,Blue,45,60,40,75,40,50,310
334,Altaria,dragon,0,3,two_wings,Blue,75,110,110,105,110,80,590
335,Zangoose,normal,0,3,bipedal_tailed,White,73,60,115,60,60,90,458
336,Seviper,poison,0,3,serpentine_body,Black,73,60,100,60,100,65,458
337,Lunatone,rock,0,3,head_only,Yellow,90,65,55,85,95,70,460
338,Solrock,rock,0,3,head_only,Red,90,85,95,65,55,70,460
339,Barboach,water,0,3,with_fins,Grey,50,43,48,41,46,60,288
340,Whiscash,water,0,3,with_fins,Blue,110,73,78,71,76,60,468
341,Corphish,water,0,3,insectoid,Red,43,65,80,35,50,35,308
342,Crawdaunt,water,0,3,insectoid,Red,63,85,120,55,90,55,468
343,Baltoy,ground,0,3,head_arms,Brown,40,55,40,70,40,55,300
344,Claydol,ground,0,3,head_arms,Black,60,105,70,120,70,75,500
345,Lileep,rock,0,3,head_base,Purple,66,77,41,87,61,23,355
346,Cradily,rock,0,3,head_base,Green,86,97,81,107,81,43,495
347,Anorith,rock,0,3,insectoid,Grey,45,50,95,50,40,75,355
348,Armaldo,rock,0,3,bipedal_tailed,Grey,75,100,125,80,70,45,495
349,Feebas,water,0,3,with_fins,Brown,20,20,15,55,10,80,200
350,Milotic,water,0,3,serpentine_body,Pink,95,79,60,125,100,81,540
351,Castform,normal,0,3,head_only,White,70,70,70,70,70,70,420
352,Kecleon,normal,0,3,bipedal_tailed,Green,60,70,90,120,60,40,440
353,Shuppet,ghost,0,3,head_only,Black,44,35,75,33,63,45,295
354,Banette,ghost,0,3,bipedal_tailed,Black,64,75,165,83,93,75,555
355,Duskull,ghost,0,3,head_arms,Black,20,90,40,90,30,25,295
356,Dusclops,ghost,0,3,bipedal_tailless,Black,40,130,70,130,60,25,455
357,Tropius,grass,0,3,quadruped,Green,99,83,68,87,72,51,460
358,Chimecho,psychic,0,3,head_arms,Blue,75,80,50,90,95,65,455
359,Absol,dark,0,3,quadruped,White,65,60,150,60,115,115,565
360,Wynaut,psychic,0,3,bipedal_tailed,Blue,95,48,23,48,23,23,260
361,Snorunt,ice,0,3,bipedal_tailless,Grey,50,50,50,50,50,50,300
362,Glalie,ice,0,3,head_only,Grey,80,80,120,80,120,100,580
363,Spheal,ice,0,3,with_fins,Blue,70,50,40,50,55,25,290
364,Sealeo,ice,0,3,with_fins,Blue,90,70,60,70,75,45,410
365,Walrein,ice,0,3,quadruped,Blue,110,90,80,90,95,65,530
366,Clamperl,water,0,3,head_only,Blue,35,85,64,55,74,32,345
367,Huntail,water,0,3,serpentine_body,Blue,55,105,104,75,94,52,485
368,Gorebyss,water,0,3,serpentine_body,Pink,55,105,84,75,114,52,485
369,Relicanth,water,0,3,with_fins,Grey,100,130,90,65,45,55,485
370,Luvdisc,water,0,3,with_fins,Pink,43,55,30,65,40,97,330
371,Bagon,dragon,0,3,bipedal_tailless,Blue,45,60,75,30,40,50,300
372,Shelgon,dragon,0,3,quadruped,White,65,100,95,50,60,50,420
373,Salamence,dragon,0,3,quadruped,Blue,95,130,145,90,120,120,700
374,Beldum,steel,0,3,head_base,Blue,40,80,55,60,35,30,300
375,Metang,steel,0,3,head_arms,Blue,60,100,75,80,55,50,420
376,Metagross,steel,0,3,multiple_bodies,Blue,80,150,145,110,105,110,700
377,Regirock,rock,1,3,bipedal_tailless,Brown,80,200,100,100,50,50,580
378,Regice,ice,1,3,bipedal_tailless,Blue,80,100,50,200,100,50,580
379,Registeel,steel,1,3,bipedal_tailless,Grey,80,150,75,150,75,50,580
380,Latias,dragon,1,3,two_wings,Red,80,120,100,150,140,110,700
381,Latios,dragon,1,3,two_wings,Blue,80,100,130,120,160,110,700
382,Kyogre,water,1,3,with_fins,Blue,100,90,150,160,180,90,770
383,Groudon,ground,1,3,bipedal_tailed,Red,100,160,180,90,150,90,770
384,Rayquaza,dragon,1,3,serpentine_body,Green,105,100,180,100,180,115,780
385,Jirachi,steel,1,3,bipedal_tailless,Yellow,100,100,100,100,100,100,600
386,Deoxys,psychic,1,3,bipedal_tailless,Red,50,90,95,90,95,180,600
387,Turtwig,grass,0,4,quadruped,Green,55,64,68,55,45,31,318
388,Grotle,grass,0,4,quadruped,Green,75,85,89,65,55,36,405
389,Torterra,grass,0,4,quadruped,Green,95,105,109,85,75,56,525
390,Chimchar,fire,0,4,bipedal_tailed,Brown,44,44,58,44,58,61,309
391,Monferno,fire,0,4,bipedal_tailed,Brown,64,52,78,52,78,81,405
392,Infernape,fire,0,4,bipedal_tailed,Brown,76,71,104,71,104,108,534
393,Piplup,water,0,4,bipedal_tailless,Blue,53,53,51,56,61,40,314
394,Prinplup,water,0,4,bipedal_tailed,Blue,64,68,66,76,81,50,405
395,Empoleon,water,0,4,bipedal_tailed,Blue,84,88,86,101,111,60,530
396,Starly,normal,0,4,two_wings,Brown,40,30,55,30,30,60,245
397,Staravia,normal,0,4,two_wings,Brown,55,50,75,40,40,80,340
398,Staraptor,normal,0,4,two_wings,Brown,85,70,120,60,50,100,485
399,Bidoof,normal,0,4,quadruped,Brown,59,40,45,40,35,31,250
400,Bibarel,normal,0,4,bipedal_tailed,Brown,79,60,85,60,55,71,410
401,Kricketot,bug,0,4,bipedal_tailless,Red,37,41,25,41,25,25,194
402,Kricketune,bug,0,4,four_wings,Red,77,51,85,51,55,65,384
403,Shinx,electric,0,4,quadruped,Blue,45,34,65,34,40,45,263
404,Luxio,electric,0,4,quadruped,Blue,60,49,85,49,60,60,363
405,Luxray,electric,0,4,quadruped,Blue,80,79,120,79,95,70,523
406,Budew,grass,0,4,bipedal_tailless,Green,40,35,30,70,50,55,280
407,Roserade,grass,0,4,bipedal_tailless,Green,60,65,70,105,125,90,515
408,Cranidos,rock,0,4,bipedal_tailed,Blue,67,40,125,30,30,58,350
409,Rampardos,rock,0,4,bipedal_tailed,Blue,97,60,165,50,65,58,495
410,Shieldon,rock,0,4,quadruped,Grey,30,118,42,88,42,30,350
411,Bastiodon,rock,0,4,quadruped,Grey,60,168,52,138,47,30,495
412,Burmy,bug,0,4,head_base,Grey,40,45,29,45,29,36,224
413,Wormadam,bug,0,4,head_base,Grey,60,95,69,95,69,36,424
414,Mothim,bug,0,4,four_wings,Yellow,70,50,94,50,94,66,424
415,Combee,bug,0,4,multiple_bodies,Yellow,30,42,30,42,30,70,244
416,Vespiquen,bug,0,4,four_wings,Yellow,70,102,80,102,80,40,474
417,Pachirisu,electric,0,4,quadruped,White,60,70,45,90,45,95,405
418,Buizel,water,0,4,quadruped,Brown,55,35,65,30,60,85,330
419,Floatzel,water,0,4,quadruped,Brown,85,55,105,50,85,115,495
420,Cherubi,grass,0,4,multiple_bodies,Pink,45,45,35,53,62,35,275
421,Cherrim,grass,0,4,head_legs,Pink,70,70,60,78,87,85,450
422,Shellos,water,0,4,serpentine_body,Purple,76,48,48,62,57,34,325
423,Gastrodon,water,0,4,serpentine_body,Purple,111,68,83,82,92,39,475
424,Ambipom,normal,0,4,bipedal_tailed,Purple,75,66,100,66,60,115,482
425,Drifloon,ghost,0,4,head_arms,Purple,90,34,50,44,60,70,348
426,Drifblim,ghost,0,4,head_arms,Purple,150,44,80,54,90,80,498
427,Buneary,normal,0,4,bipedal_tailed,Brown,55,44,66,56,44,85,350
428,Lopunny,normal,0,4,bipedal_tailed,Brown,65,94,136,96,54,135,580
429,Mismagius,ghost,0,4,head_only,Purple,60,60,60,105,105,105,495
430,Honchkrow,dark,0,4,two_wings,Black,100,52,125,52,105,71,505
431,Glameow,normal,0,4,quadruped,Grey,49,42,55,37,42,85,310
432,Purugly,normal,0,4,quadruped,Grey,71,64,82,59,64,112,452
433,Chingling,psychic,0,4,bipedal_tailless,Yellow,45,50,30,50,65,45,285
434,Stunky,poison,0,4,quadruped,Purple,63,47,63,41,41,74,329
435,Skuntank,poison,0,4,quadruped,Purple,103,67,93,61,71,84,479
436,Bronzor,steel,0,4,head_only,Green,57,86,24,86,24,23,300
437,Bronzong,steel,0,4,head_arms,Green,67,116,89,116,79,33,500
438,Bonsly,rock,0,4,head_legs,Brown,50,95,80,45,10,10,290
439,mime-jr,psychic,0,4,bipedal_tailless,Pink,20,45,25,90,70,60,310
440,Happiny,normal,0,4,bipedal_tailless,Pink,100,5,5,65,15,30,220
441,Chatot,normal,0,4,two_wings,Black,76,45,65,42,92,91,411
442,Spiritomb,ghost,0,4,head_base,Purple,50,108,92,108,92,35,485
443,Gible,dragon,0,4,bipedal_tailed,Blue,58,45,70,45,40,42,300
444,Gabite,dragon,0,4,bipedal_tailed,Blue,68,65,90,55,50,82,410
445,Garchomp,dragon,0,4,bipedal_tailed,Blue,108,115,170,95,120,92,700
446,Munchlax,normal,0,4,bipedal_tailless,Black,135,40,85,85,40,5,390
447,Riolu,fighting,0,4,bipedal_tailed,Blue,40,40,70,40,35,60,285
448,Lucario,fighting,0,4,bipedal_tailed,Blue,70,88,145,70,140,112,625
449,Hippopotas,ground,0,4,quadruped,Brown,68,78,72,42,38,32,330
450,Hippowdon,ground,0,4,quadruped,Brown,108,118,112,72,68,47,525
451,Skorupi,poison,0,4,insectoid,Purple,40,90,50,55,30,65,330
452,Drapion,poison,0,4,insectoid,Purple,70,110,90,75,60,95,500
453,Croagunk,poison,0,4,bipedal_tailless,Blue,48,40,61,40,61,50,300
454,Toxicroak,poison,0,4,bipedal_tailless,Blue,83,65,106,65,86,85,490
455,Carnivine,grass,0,4,several_limbs,Green,74,72,100,72,90,46,454
456,Finneon,water,0,4,with_fins,Blue,49,56,49,61,49,66,330
457,Lumineon,water,0,4,with_fins,Blue,69,76,69,86,69,91,460
458,Mantyke,water,0,4,two_wings,Blue,45,50,20,120,60,50,345
459,Snover,grass,0,4,bipedal_tailed,White,60,50,62,60,62,40,334
460,Abomasnow,grass,0,4,bipedal_tailed,White,90,105,132,105,132,30,594
461,Weavile,dark,0,4,bipedal_tailed,Black,70,65,120,85,45,125,510
462,Magnezone,electric,0,4,head_arms,Grey,70,115,70,90,130,60,535
463,Lickilicky,normal,0,4,bipedal_tailless,Pink,110,95,85,95,80,50,515
464,Rhyperior,ground,0,4,bipedal_tailed,Grey,115,130,140,55,55,40,535
465,Tangrowth,grass,0,4,bipedal_tailless,Blue,100,125,100,50,110,50,535
466,Electivire,electric,0,4,bipedal_tailed,Yellow,75,67,123,85,95,95,540
467,Magmortar,fire,0,4,bipedal_tailed,Red,75,67,95,95,125,83,540
468,Togekiss,fairy,0,4,two_wings,White,85,95,50,115,120,80,545
469,Yanmega,bug,0,4,four_wings,Green,86,86,76,56,116,95,515
470,Leafeon,grass,0,4,quadruped,Green,65,130,110,65,60,95,525
471,Glaceon,ice,0,4,quadruped,Blue,65,110,60,95,130,65,525
472,Gliscor,ground,0,4,two_wings,Purple,75,125,95,75,45,95,510
473,Mamoswine,ice,0,4,quadruped,Brown,110,80,130,60,70,80,530
474,Porygon-z,normal,0,4,head_arms,Red,85,70,80,75,135,90,535
475,Gallade,psychic,0,4,bipedal_tailless,White,68,95,165,115,65,110,618
476,Probopass,rock,0,4,multiple_bodies,Grey,60,145,55,150,75,40,525
477,Dusknoir,ghost,0,4,head_arms,Black,45,135,100,135,65,45,525
478,Froslass,ice,0,4,head_arms,White,70,70,80,70,80,110,480
479,Rotom,electric,0,4,head_only,Red,50,107,65,107,105,86,520
480,Uxie,psychic,1,4,bipedal_tailed,Yellow,75,130,75,130,75,95,580
481,Mesprit,psychic,1,4,bipedal_tailed,Pink,80,105,105,105,105,80,580
482,Azelf,psychic,1,4,bipedal_tailed,Blue,75,70,125,70,125,115,580
483,Dialga,steel,1,4,quadruped,White,100,120,120,100,150,90,680
484,Palkia,water,1,4,bipedal_tailed,Purple,90,100,120,120,150,100,680
485,Heatran,fire,1,4,quadruped,Brown,91,106,90,106,130,77,600
486,Regigigas,normal,1,4,bipedal_tailless,White,110,110,160,110,80,100,670
487,Giratina-altered,ghost,1,4,serpentine_body,Black,150,100,120,100,120,90,680
488,Cresselia,psychic,1,4,serpentine_body,Yellow,120,120,70,130,75,85,600
489,Phione,water,0,4,head_arms,Blue,80,80,80,80,80,80,480
490,Manaphy,water,1,4,bipedal_tailless,Blue,100,100,100,100,100,100,600
491,Darkrai,dark,1,4,bipedal_tailless,Black,70,90,90,90,135,125,600
492,Shaymin-sky,grass,1,4,quadruped,Green,100,75,103,75,120,127,600
493,Arceus,normal,1,4,quadruped,Grey,120,120,120,120,120,120,720
494,Victini,psychic,1,5,bipedal_tailless,Yellow,100,100,100,100,100,100,600
495,Snivy,grass,0,5,bipedal_tailed,Green,45,55,45,55,45,63,308
496,Servine,grass,0,5,bipedal_tailed,Green,60,75,60,75,60,83,413
497,Serperior,grass,0,5,serpentine_body,Green,75,95,75,95,75,113,528
498,Tepig,fire,0,5,quadruped,Red,65,45,63,45,45,45,308
499,Pignite,fire,0,5,bipedal_tailed,Red,90,55,93,55,70,55,418
500,Emboar,fire,0,5,bipedal_tailed,Red,110,65,123,65,100,65,528
501,Oshawott,water,0,5,bipedal_tailed,Blue,55,45,55,45,63,45,308
502,Dewott,water,0,5,bipedal_tailed,Blue,75,60,75,60,83,60,413
503,Samurott,water,0,5,quadruped,Blue,95,85,100,70,108,70,528
504,Patrat,normal,0,5,quadruped,Brown,45,39,55,39,35,42,255
505,Watchog,normal,0,5,bipedal_tailed,Brown,60,69,85,69,60,77,420
506,Lillipup,normal,0,5,quadruped,Brown,45,45,60,45,25,55,275
507,Herdier,normal,0,5,quadruped,Grey,65,65,80,65,35,60,370
508,Stoutland,normal,0,5,quadruped,Grey,85,90,110,90,45,80,500
509,Purrloin,dark,0,5,quadruped,Purple,41,37,50,37,50,66,281
510,Liepard,dark,0,5,quadruped,Purple,64,50,88,50,88,106,446
511,Pansage,grass,0,5,bipedal_tailed,Green,50,48,53,48,53,64,316
512,Simisage,grass,0,5,bipedal_tailed,Green,75,63,98,63,98,101,498
513,Pansear,fire,0,5,bipedal_tailed,Red,50,48,53,48,53,64,316
514,Simisear,fire,0,5,bipedal_tailed,Red,75,63,98,63,98,101,498
515,Panpour,water,0,5,bipedal_tailed,Blue,50,48,53,48,53,64,316
516,Simipour,water,0,5,bipedal_tailed,Blue,75,63,98,63,98,101,498
517,Munna,psychic,0,5,quadruped,Pink,76,45,25,55,67,24,292
518,Musharna,psychic,0,5,bipedal_tailless,Pink,116,85,55,95,107,29,487
519,Pidove,normal,0,5,two_wings,Grey,50,50,55,30,36,43,264
520,Tranquill,normal,0,5,two_wings,Grey,62,62,77,42,50,65,358
521,Unfezant,normal,0,5,two_wings,Grey,80,80,115,55,65,93,488
522,Blitzle,electric,0,5,quadruped,Black,45,32,60,32,50,76,295
523,Zebstrika,electric,0,5,quadruped,Black,75,63,100,63,80,116,497
524,Roggenrola,rock,0,5,head_legs,Blue,55,85,75,25,25,15,280
525,Boldore,rock,0,5,several_limbs,Blue,70,105,105,40,50,20,390
526,Gigalith,rock,0,5,several_limbs,Blue,85,130,135,80,60,25,515
527,Woobat,psychic,0,5,two_wings,Blue,65,43,45,43,55,72,323
528,Swoobat,psychic,0,5,two_wings,Blue,67,55,57,55,77,114,425
529,Drilbur,ground,0,5,bipedal_tailed,Grey,60,40,85,45,30,68,328
530,Excadrill,ground,0,5,bipedal_tailless,Grey,110,60,135,65,50,88,508
531,Audino,normal,0,5,bipedal_tailed,Pink,103,126,60,126,80,50,545
532,Timburr,fighting,0,5,bipedal_tailless,Grey,75,55,80,35,25,35,305
533,Gurdurr,fighting,0,5,bipedal_tailless,Grey,85,85,105,50,40,40,405
534,Conkeldurr,fighting,0,5,bipedal_tailless,Grey,105,95,140,65,55,45,505
535,Tympole,water,0,5,with_fins,Blue,50,40,50,40,50,64,294
536,Palpitoad,water,0,5,bipedal_tailed,Blue,75,55,65,55,65,69,384
537,Seismitoad,water,0,5,bipedal_tailless,Blue,105,75,95,75,85,74,509
538,Throh,fighting,0,5,bipedal_tailless,Red,120,85,100,85,30,45,465
539,Sawk,fighting,0,5,bipedal_tailless,Blue,75,75,125,75,30,85,465
540,Sewaddle,bug,0,5,insectoid,Yellow,45,70,53,60,40,42,310
541,Swadloon,bug,0,5,head_arms,Green,55,90,63,80,50,42,380
542,Leavanny,bug,0,5,bipedal_tailless,Yellow,75,80,103,80,70,92,500
543,Venipede,bug,0,5,insectoid,Red,30,59,45,39,30,57,260
544,Whirlipede,bug,0,5,head_only,Grey,40,99,55,79,40,47,360
545,Scolipede,bug,0,5,insectoid,Red,60,89,100,69,55,112,485
546,Cottonee,grass,0,5,head_only,Green,40,60,27,50,37,66,280
547,Whimsicott,grass,0,5,bipedal_tailless,Green,60,85,67,75,77,116,480
548,Petilil,grass,0,5,head_base,Green,45,50,35,50,70,30,280
549,Lilligant,grass,0,5,head_base,Green,70,75,60,75,110,90,480
550,Basculin,water,0,5,with_fins,Green,70,65,92,55,80,98,460
551,Sandile,ground,0,5,quadruped,Brown,50,35,72,35,35,65,292
552,Krokorok,ground,0,5,quadruped,Brown,60,45,82,45,45,74,351
553,Krookodile,ground,0,5,bipedal_tailed,Red,95,80,117,70,65,92,519
554,Darumaka,fire,0,5,bipedal_tailless,Red,70,45,90,45,15,50,315
555,Darmanitan,fire,0,5,quadruped,Red,105,105,30,105,140,55,540
556,Maractus,grass,0,5,head_base,Green,75,67,86,67,106,60,461
557,Dwebble,bug,0,5,insectoid,Red,50,85,65,35,35,55,325
558,Crustle,bug,0,5,insectoid,Red,70,125,105,75,65,45,485
559,Scraggy,dark,0,5,bipedal_tailed,Yellow,50,70,75,70,35,48,348
560,Scrafty,dark,0,5,bipedal_tailed,Red,65,115,90,115,45,58,488
561,Sigilyph,psychic,0,5,two_wings,Black,72,80,58,80,103,97,490
562,Yamask,ghost,0,5,head_arms,Black,38,85,30,65,55,30,303
563,Cofagrigus,ghost,0,5,head_base,Yellow,58,145,50,105,95,30,483
564,Tirtouga,water,0,5,quadruped,Blue,54,103,78,45,53,22,355
565,Carracosta,water,0,5,bipedal_tailed,Blue,74,133,108,65,83,32,495
566,Archen,rock,0,5,two_wings,Yellow,55,45,112,45,74,70,401
567,Archeops,rock,0,5,two_wings,Yellow,75,65,140,65,112,110,567
568,Trubbish,poison,0,5,bipedal_tailless,Green,50,62,50,62,40,65,329
569,Garbodor,poison,0,5,bipedal_tailless,Green,80,82,95,82,60,75,474
570,Zorua,dark,0,5,quadruped,Grey,40,40,65,40,80,65,330
571,Zoroark,dark,0,5,bipedal_tailed,Grey,60,60,105,60,120,105,510
572,Minccino,normal,0,5,quadruped,Grey,55,40,50,40,40,75,300
573,Cinccino,normal,0,5,quadruped,Grey,75,60,95,60,65,115,470
574,Gothita,psychic,0,5,bipedal_tailless,Purple,45,50,30,65,55,45,290
575,Gothorita,psychic,0,5,bipedal_tailless,Purple,60,70,45,85,75,55,390
576,Gothitelle,psychic,0,5,bipedal_tailless,Purple,70,95,55,110,95,65,490
577,Solosis,psychic,0,5,head_only,Green,45,40,30,50,105,20,290
578,Duosion,psychic,0,5,head_only,Green,65,50,40,60,125,30,370
579,Reuniclus,psychic,0,5,head_arms,Green,110,75,65,85,125,30,490
580,Ducklett,water,0,5,two_wings,Blue,62,50,44,50,44,55,305
581,Swanna,water,0,5,two_wings,White,75,63,87,63,87,98,473
582,Vanillite,ice,0,5,head_base,White,36,50,50,60,65,44,305
583,Vanillish,ice,0,5,head_base,White,51,65,65,75,80,59,395
584,Vanilluxe,ice,0,5,multiple_bodies,White,71,85,95,95,110,79,535
585,Deerling,normal,0,5,quadruped,Yellow,60,50,60,50,40,75,335
586,Sawsbuck,normal,0,5,quadruped,Brown,80,70,100,70,60,95,475
587,Emolga,electric,0,5,quadruped,White,55,60,75,60,75,103,428
588,Karrablast,bug,0,5,bipedal_tailless,Blue,50,45,75,45,40,60,315
589,Escavalier,bug,0,5,head_arms,Grey,70,105,135,105,60,20,495
590,Foongus,grass,0,5,head_arms,White,69,45,55,55,55,15,294
591,Amoonguss,grass,0,5,head_arms,Grey,114,70,85,80,85,30,464
592,Frillish,water,0,5,several_limbs,White,55,50,40,85,65,40,335
593,Jellicent,water,0,5,several_limbs,White,100,70,60,105,85,60,480
594,Alomomola,water,0,5,with_fins,Pink,165,80,75,45,40,65,470
595,Joltik,bug,0,5,insectoid,Yellow,50,50,47,50,57,65,319
596,Galvantula,bug,0,5,insectoid,Yellow,70,60,77,60,97,108,472
597,Ferroseed,grass,0,5,head_only,Grey,44,91,50,86,24,10,305
598,Ferrothorn,grass,0,5,several_limbs,Grey,74,131,94,116,54,20,489
599,Klink,steel,0,5,multiple_bodies,Grey,40,70,55,60,45,30,300
600,Klang,steel,0,5,multiple_bodies,Grey,60,95,80,85,70,50,440
601,Klinklang,steel,0,5,multiple_bodies,Grey,60,115,100,85,70,90,520
602,Tynamo,electric,0,5,with_fins,White,35,40,55,40,45,60,275
603,Eelektrik,electric,0,5,with_fins,Blue,65,70,85,70,75,40,405
604,Eelektross,electric,0,5,with_fins,Blue,85,80,115,80,105,50,515
605,Elgyem,psychic,0,5,bipedal_tailed,Grey,55,55,55,55,85,30,335
606,Beheeyem,psychic,0,5,bipedal_tailless,Brown,75,75,75,95,125,40,485
607,Litwick,ghost,0,5,head_base,White,50,55,30,55,65,20,275
608,Lampent,ghost,0,5,head_arms,Black,60,60,40,60,95,55,370
609,Chandelure,ghost,0,5,head_arms,Black,60,90,55,90,145,80,520
610,Axew,dragon,0,5,bipedal_tailed,Green,46,60,87,40,30,57,320
611,Fraxure,dragon,0,5,bipedal_tailed,Green,66,70,117,50,40,67,410
612,Haxorus,dragon,0,5,bipedal_tailed,Yellow,76,90,147,70,60,97,540
613,Cubchoo,ice,0,5,bipedal_tailed,Blue,55,40,70,40,60,40,305
614,Beartic,ice,0,5,quadruped,White,95,80,130,80,70,50,505
615,Cryogonal,ice,0,5,head_only,Blue,80,50,50,135,95,105,515
616,Shelmet,bug,0,5,head_only,Red,50,85,40,65,40,25,305
617,Accelgor,bug,0,5,head_arms,Red,80,40,70,60,100,145,495
618,Stunfisk,ground,0,5,with_fins,Brown,109,84,66,99,81,32,471
619,Mienfoo,fighting,0,5,bipedal_tailed,Yellow,45,50,85,50,55,65,350
620,Mienshao,fighting,0,5,bipedal_tailed,Purple,65,60,125,60,95,105,510
621,Druddigon,dragon,0,5,bipedal_tailed,Red,77,90,120,90,60,48,485
622,Golett,ground,0,5,bipedal_tailless,Green,59,50,74,50,35,35,303
623,Golurk,ground,0,5,bipedal_tailless,Green,89,80,124,80,55,55,483
624,Pawniard,dark,0,5,bipedal_tailless,Red,45,70,85,40,40,60,340
625,Bisharp,dark,0,5,bipedal_tailless,Red,65,100,125,70,60,70,490
626,Bouffalant,normal,0,5,quadruped,Brown,95,95,110,95,40,55,490
627,Rufflet,normal,0,5,two_wings,White,70,50,83,50,37,60,350
628,Braviary,normal,0,5,two_wings,Red,100,75,123,75,57,80,510
629,Vullaby,dark,0,5,two_wings,Brown,70,75,55,65,45,60,370
630,Mandibuzz,dark,0,5,two_wings,Brown,110,105,65,95,55,80,510
631,Heatmor,fire,0,5,bipedal_tailed,Red,85,66,97,66,105,65,484
632,Durant,bug,0,5,insectoid,Grey,58,112,109,48,48,109,484
633,Deino,dark,0,5,quadruped,Blue,52,50,65,50,45,38,300
634,Zweilous,dark,0,5,quadruped,Blue,72,70,85,70,65,58,420
635,Hydreigon,dark,0,5,bipedal_tailed,Blue,92,90,105,90,125,98,600
636,Larvesta,bug,0,5,insectoid,White,55,55,85,55,50,60,360
637,Volcarona,bug,0,5,four_wings,White,85,65,60,105,135,100,550
638,Cobalion,steel,1,5,quadruped,Blue,91,129,90,72,90,108,580
639,Terrakion,rock,1,5,quadruped,Grey,91,90,129,90,72,108,580
640,Virizion,grass,1,5,quadruped,Green,91,72,90,129,90,108,580
641,Tornadus,flying,1,5,head_arms,Green,79,80,100,90,110,121,580
642,Thundurus,electric,1,5,head_arms,Blue,79,70,105,80,145,101,580
643,Reshiram,dragon,1,5,two_wings,White,100,100,120,120,150,90,680
644,Zekrom,dragon,1,5,bipedal_tailed,Black,100,120,150,100,120,90,680
645,Landorus,ground,1,5,head_arms,Brown,89,90,145,80,105,91,600
646,Kyurem,dragon,1,5,bipedal_tailed,Grey,125,90,120,100,170,95,700
647,Keldeo,water,1,5,quadruped,Yellow,91,90,72,90,129,108,580
648,Meloetta,normal,1,5,bipedal_tailless,White,100,90,128,77,77,128,600
649,Genesect,bug,1,5,bipedal_tailless,Purple,71,95,120,95,120,99,600
650,Chespin,grass,0,6,bipedal_tailed,Green,56,65,61,45,48,38,313
651,Quilladin,grass,0,6,bipedal_tailed,Green,61,95,78,58,56,57,405
652,Chesnaught,grass,0,6,bipedal_tailed,Green,88,122,107,75,74,64,530
653,Fennekin,fire,0,6,quadruped,Red,40,40,45,60,62,60,307
654,Braixen,fire,0,6,bipedal_tailed,Red,59,58,59,70,90,73,409
655,Delphox,fire,0,6,bipedal_tailed,Red,75,72,69,100,114,104,534
656,Froakie,water,0,6,quadruped,Blue,41,40,56,44,62,71,314
657,Frogadier,water,0,6,bipedal_tailless,Blue,54,52,63,56,83,97,405
658,Greninja,water,0,6,bipedal_tailless,Blue,72,67,145,71,153,132,640
659,Bunnelby,normal,0,6,bipedal_tailed,Brown,38,38,36,36,32,57,237
660,Diggersby,normal,0,6,bipedal_tailed,Brown,85,77,56,77,50,78,423
661,Fletchling,normal,0,6,two_wings,Red,45,43,50,38,40,62,278
662,Fletchinder,fire,0,6,two_wings,Red,62,55,73,52,56,84,382
663,Talonflame,fire,0,6,two_wings,Red,78,71,81,69,74,126,499
664,Scatterbug,bug,0,6,insectoid,Black,38,40,35,25,27,35,200
665,Spewpa,bug,0,6,head_base,Black,45,60,22,30,27,29,213
666,Vivillon,bug,0,6,four_wings,Black,80,50,52,50,90,89,411
667,Litleo,fire,0,6,quadruped,Brown,62,58,50,54,73,72,369
668,Pyroar,fire,0,6,quadruped,Brown,86,72,68,66,109,106,507
669,Flabebe,fairy,0,6,head_arms,White,44,39,38,79,61,42,303
670,Floette,fairy,0,6,head_arms,White,74,67,65,128,125,92,551
671,Florges,fairy,0,6,head_arms,White,78,68,65,154,112,75,552
672,Skiddo,grass,0,6,quadruped,Brown,66,48,65,57,62,52,350
673,Gogoat,grass,0,6,quadruped,Brown,123,62,100,81,97,68,531
674,Pancham,fighting,0,6,bipedal_tailed,White,67,62,82,48,46,43,348
675,Pangoro,fighting,0,6,bipedal_tailless,White,95,78,124,71,69,58,495
676,Furfrou,normal,0,6,quadruped,White,75,60,80,90,65,102,472
677,Espurr,psychic,0,6,bipedal_tailed,Grey,62,54,48,60,63,68,355
678,Meowstic,psychic,0,6,bipedal_tailed,White,74,76,48,81,83,104,466
679,Honedge,steel,0,6,head_base,Brown,45,100,80,37,35,28,325
680,Doublade,steel,0,6,multiple_bodies,Brown,59,150,110,49,45,35,448
681,Aegislash,steel,0,6,head_base,Brown,60,50,150,50,150,60,520
682,Spritzee,fairy,0,6,head_arms,Pink,78,60,52,65,63,23,341
683,Aromatisse,fairy,0,6,bipedal_tailless,Pink,101,72,72,89,99,29,462
684,Swirlix,fairy,0,6,head_legs,White,62,66,48,57,59,49,341
685,Slurpuff,fairy,0,6,bipedal_tailless,White,82,86,80,75,85,72,480
686,Inkay,dark,0,6,several_limbs,Blue,53,53,54,46,37,45,288
687,Malamar,dark,0,6,head_base,Blue,86,88,92,75,68,73,482
688,Binacle,rock,0,6,multiple_bodies,Brown,42,67,52,56,39,50,306
689,Barbaracle,rock,0,6,multiple_bodies,Brown,72,115,105,86,54,68,500
690,Skrelp,poison,0,6,head_base,Brown,50,60,60,60,60,30,320
691,Dragalge,poison,0,6,head_base,Brown,65,90,75,123,97,44,494
692,Clauncher,water,0,6,insectoid,Blue,50,62,53,63,58,44,330
693,Clawitzer,water,0,6,serpentine_body,Blue,71,88,73,89,120,59,500
694,Helioptile,electric,0,6,bipedal_tailed,Yellow,44,33,38,43,61,70,289
695,Heliolisk,electric,0,6,bipedal_tailed,Yellow,62,52,55,94,109,109,481
696,Tyrunt,rock,0,6,bipedal_tailed,Brown,58,77,89,45,45,48,362
697,Tyrantrum,rock,0,6,bipedal_tailed,Red,82,119,121,59,69,71,521
698,Amaura,rock,0,6,quadruped,Blue,77,50,59,63,67,46,362
699,Aurorus,rock,0,6,quadruped,Blue,123,72,77,92,99,58,521
700,Sylveon,fairy,0,6,quadruped,Pink,95,65,65,130,110,60,525
701,Hawlucha,fighting,0,6,bipedal_tailless,Green,78,75,92,63,74,118,500
702,Dedenne,electric,0,6,bipedal_tailed,Yellow,67,57,58,67,81,101,431
703,Carbink,rock,0,6,head_only,Grey,50,150,50,150,50,50,500
704,Goomy,dragon,0,6,serpentine_body,Purple,45,35,50,75,55,40,300
705,Sliggoo,dragon,0,6,serpentine_body,Purple,68,53,75,113,83,60,452
706,Goodra,dragon,0,6,bipedal_tailed,Purple,90,70,100,150,110,80,600
707,Klefki,steel,0,6,head_only,Grey,57,91,80,87,80,75,470
708,Phantump,ghost,0,6,head_arms,Brown,43,48,70,60,50,38,309
709,Trevenant,ghost,0,6,several_limbs,Brown,85,76,110,82,65,56,474
710,Pumpkaboo,ghost,0,6,head_only,Brown,59,70,66,55,44,41,335
711,Gourgeist,ghost,0,6,head_base,Brown,85,122,100,75,58,54,494
712,Bergmite,ice,0,6,quadruped,Blue,55,85,69,35,32,28,304
713,Avalugg,ice,0,6,quadruped,Blue,95,184,117,46,44,28,514
714,Noibat,flying,0,6,two_wings,Purple,40,35,30,40,45,55,245
715,Noivern,flying,0,6,two_wings,Purple,85,80,70,80,97,123,535
716,Xerneas,fairy,1,6,quadruped,Blue,126,95,131,98,131,99,680
717,Yveltal,dark,1,6,two_wings,Red,126,95,131,98,131,99,680
718,Zygarde,dragon,1,6,serpentine_body,Green,216,121,100,95,91,85,708
719,Diancie,rock,1,6,head_arms,Pink,50,110,160,110,160,110,700
720,Hoopa,psychic,1,6,head_only,Purple,80,60,160,130,170,80,680
721,Volcanion,fire,1,6,quadruped,Brown,80,120,110,90,130,70,600
722,Rowlet,grass,0,7,,,68,55,55,50,50,42,320
723,Dartrix,grass,0,7,,,78,75,75,70,70,52,420
724,Decidueye,grass,0,7,,,78,75,107,100,100,70,530
725,Litten,fire,0,7,,,45,40,65,40,60,70,320
726,Torracat,fire,0,7,,,65,50,85,50,80,90,420
727,Incineroar,fire,0,7,,,95,90,115,90,80,60,530
728,Popplio,water,0,7,,,50,54,54,56,66,40,320
729,Brionne,water,0,7,,,60,69,69,81,91,50,420
730,Primarina,water,0,7,,,80,74,74,116,126,60,530
731,Pikipek,normal,0,7,,,35,30,75,30,30,65,265
732,Trumbeak,normal,0,7,,,55,50,85,50,40,75,355
733,Toucannon,normal,0,7,,,80,75,120,75,75,60,485
734,Yungoos,normal,0,7,,,48,30,70,30,30,45,253
735,Gumshoos,normal,0,7,,,88,60,110,60,55,45,418
736,Grubbin,bug,0,7,,,47,45,62,45,55,46,300
737,Charjabug,bug,0,7,,,57,95,82,75,55,36,400
738,Vikavolt,bug,0,7,,,77,90,70,75,145,43,500
739,Crabrawler,fighting,0,7,,,47,57,82,47,42,63,338
740,Crabominable,fighting,0,7,,,97,77,132,67,62,43,478
741,Oricorio-baile,fire,0,7,,,75,70,70,70,98,93,476
742,Cutiefly,bug,0,7,,,40,40,45,40,55,84,304
743,Ribombee,bug,0,7,,,60,60,55,70,95,124,464
744,Rockruff,rock,0,7,,,45,40,65,40,30,60,280
745,Lycanroc,rock,0,7,,,85,75,115,75,55,82,487
746,Wishiwashi-solo,water,0,7,,,45,130,140,135,140,30,620
747,Mareanie,poison,0,7,,,50,62,53,52,43,45,305
748,Toxapex,poison,0,7,,,50,152,63,142,53,35,495
749,Mudbray,ground,0,7,,,70,70,100,55,45,45,385
750,Mudsdale,ground,0,7,,,100,100,125,85,55,35,500
751,Dewpider,water,0,7,,,38,52,40,72,40,27,269
752,Araquanid,water,0,7,,,68,92,70,132,50,42,454
753,Fomantis,grass,0,7,,,40,35,55,35,50,35,250
754,Lurantis,grass,0,7,,,70,90,105,90,80,45,480
755,Morelull,grass,0,7,,,40,55,35,75,65,15,285
756,Shiinotic,grass,0,7,,,60,80,45,100,90,30,405
757,Salandit,poison,0,7,,,48,40,44,40,71,77,320
758,Salazzle,poison,0,7,,,68,60,64,60,111,117,480
759,Stufful,normal,0,7,,,70,50,75,50,45,50,340
760,Bewear,normal,0,7,,,120,80,125,60,55,60,500
761,Bounsweet,grass,0,7,,,42,38,30,38,30,32,210
762,Steenee,grass,0,7,,,52,48,40,48,40,62,290
763,Tsareena,grass,0,7,,,72,98,120,98,50,72,510
764,Comfey,fairy,0,7,,,51,90,52,110,82,100,485
765,Oranguru,normal,0,7,,,90,80,60,110,90,60,490
766,Passimian,fighting,0,7,,,100,90,120,60,40,80,490
767,Wimpod,bug,0,7,,,25,40,35,30,20,80,230
768,Golisopod,bug,0,7,,,75,140,125,90,60,40,530
769,Sandygast,ghost,0,7,,,55,80,55,45,70,15,320
770,Palossand,ghost,0,7,,,85,110,75,75,100,35,480
771,Pyukumuku,water,0,7,,,55,130,60,130,30,5,410
772,Type-null,normal,0,7,,,95,95,95,95,95,59,534
773,Silvally,normal,0,7,,,95,95,95,95,95,95,570
774,Minior,rock,0,7,,,60,60,100,60,100,120,500
775,Komala,normal,0,7,,,65,65,115,95,75,65,480
776,Turtonator,fire,0,7,,,60,135,78,85,91,36,485
777,Togedemaru,electric,0,7,,,65,63,98,73,40,96,435
778,Mimikyu,ghost,0,7,,,55,80,90,105,50,96,476
779,Bruxish,water,0,7,,,68,70,105,70,70,92,475
780,Drampa,normal,0,7,,,78,85,60,91,135,36,485
781,Dhelmise,ghost,0,7,,,70,100,131,90,86,40,517
782,Jangmo-o,dragon,0,7,,,45,65,55,45,45,45,300
783,Hakamo-o,dragon,0,7,,,55,90,75,70,65,65,420
784,Kommo-o,dragon,0,7,,,75,125,110,105,100,85,600
785,Tapu-koko,electric,1,7,,,70,85,115,75,95,130,570
786,Tapu-lele,psychic,1,7,,,70,75,85,115,130,95,570
787,Tapu-bulu,grass,1,7,,,70,115,130,95,85,75,570
788,Tapu-fini,water,1,7,,,70,115,75,130,95,85,570
789,Cosmog,psychic,1,7,,,43,31,29,31,29,37,200
790,Cosmoem,psychic,1,7,,,43,131,29,131,29,37,400
791,Solgaleo,psychic,1,7,,,137,107,137,89,113,97,680
792,Lunala,psychic,1,7,,,137,89,113,107,137,97,680
793,Nihilego,rock,1,7,,,109,47,53,131,127,103,570
794,Buzzwole,bug,1,7,,,107,139,139,53,53,79,570
795,Pheromosa,bug,1,7,,,71,37,137,37,137,151,570
796,Xurkitree,electric,1,7,,,83,71,89,71,173,83,570
797,Celesteela,steel,1,7,,,97,103,101,101,107,61,570
798,Kartana,grass,1,7,,,59,131,181,31,59,109,570
799,Guzzlord,dark,1,7,,,223,53,101,53,97,43,570
800,Necrozma,psychic,1,7,,,97,101,107,89,127,79,600
801,Magearna,steel,1,7,,,80,115,95,115,130,65,600