pokedex_number,name,type1,type2,hp,defense,attack,sp_defense,sp_attack,speed,base_total,capture_rate,base_happiness,experience_growth,height_m,weight_kg,is_legendary,generation,color,body_style,cm_to_m,height_cm
1,Bulbasaur,grass,poison,45,49,49,65,65,45,318,45,70,1059860,0.7,6.9,0,1,Green,quadruped,100,70
2,Ivysaur,grass,poison,60,63,62,80,80,60,405,45,70,1059860,1,13,0,1,Green,quadruped,,100
3,Venusaur,grass,poison,80,123,100,120,122,80,625,45,70,1059860,2,100,0,1,Green,quadruped,,200
4,Charmander,fire,,39,43,52,50,60,65,309,45,70,1059860,0.6,8.5,0,1,Red,bipedal_tailed,,60
5,Charmeleon,fire,,58,58,64,65,80,80,405,45,70,1059860,1.1,19,0,1,Red,bipedal_tailed,,110
6,Charizard,fire,flying,78,78,104,115,159,100,634,45,70,1059860,1.7,90.5,0,1,Red,bipedal_tailed,,170
7,Squirtle,water,,44,65,48,64,50,43,314,45,70,1059860,0.5,9,0,1,Blue,bipedal_tailed,,50
8,Wartortle,water,,59,80,63,80,65,58,405,45,70,1059860,1,22.5,0,1,Blue,bipedal_tailed,,100
9,Blastoise,water,,79,120,103,115,135,78,630,45,70,1059860,1.6,85.5,0,1,Blue,bipedal_tailed,,160
10,Caterpie,bug,,45,35,30,20,20,45,195,255,70,1000000,0.3,2.9,0,1,Green,insectoid,,30
11,Metapod,bug,,50,55,20,25,25,30,205,120,70,1000000,0.7,9.9,0,1,Green,serpentine_body,,70
12,Butterfree,bug,flying,60,50,45,80,90,70,395,45,70,1000000,1.1,32,0,1,White,four_wings,,110
13,Weedle,bug,poison,40,30,35,20,20,50,195,255,70,1000000,0.3,3.2,0,1,Brown,serpentine_body,,30
14,Kakuna,bug,poison,45,50,25,25,25,35,205,120,70,1000000,0.6,10,0,1,Yellow,serpentine_body,,60
15,Beedrill,bug,poison,65,40,150,80,15,145,495,45,70,1000000,1,29.5,0,1,Yellow,four_wings,,100
16,Pidgey,normal,flying,40,40,45,35,35,56,251,255,70,1059860,0.3,1.8,0,1,Brown,two_wings,,30
17,Pidgeotto,normal,flying,63,55,60,50,50,71,349,120,70,1059860,1.1,30,0,1,Brown,two_wings,,110
18,Pidgeot,normal,flying,83,80,80,80,135,121,579,45,70,1059860,1.5,39.5,0,1,Brown,two_wings,,150
19,Rattata,normal,dark,30,35,56,35,25,72,253,255,70,1000000,0.3,3.5,0,1,Purple,quadruped,,30
20,Raticate,normal,dark,75,70,71,80,40,77,413,127,70,1000000,0.7,18.5,0,1,Brown,quadruped,,70
21,Spearow,normal,flying,40,30,60,31,31,70,262,255,70,1000000,0.3,2,0,1,Brown,two_wings,,30
22,Fearow,normal,flying,65,65,90,61,61,100,442,90,70,1000000,1.2,38,0,1,Brown,two_wings,,120
23,Ekans,poison,,35,44,60,54,40,55,288,255,70,1000000,2,6.9,0,1,Purple,serpentine_body,,200
24,Arbok,poison,,60,69,95,79,65,80,448,90,70,1000000,3.5,65,0,1,Purple,serpentine_body,,350
25,Pikachu,electric,,35,40,55,50,50,90,320,190,70,1000000,0.4,6,0,1,Yellow,quadruped,,40
26,Raichu,electric,electric,60,50,85,85,95,110,485,75,70,1000000,0.8,30,0,1,Yellow,bipedal_tailed,,80
27,Sandshrew,ground,ice,50,90,75,35,10,40,300,255,70,1000000,0.6,12,0,1,Yellow,bipedal_tailed,,60
28,Sandslash,ground,ice,75,120,100,65,25,65,450,90,70,1000000,1,29.5,0,1,Yellow,bipedal_tailed,,100
29,Nidoran♀,poison,,55,52,47,40,40,41,275,235,70,1059860,0.4,7,0,1,Blue,quadruped,,40
30,Nidorina,poison,,70,67,62,55,55,56,365,120,70,1059860,0.8,20,0,1,Blue,quadruped,,80
31,Nidoqueen,poison,ground,90,87,92,85,75,76,505,45,70,1059860,1.3,60,0,1,Blue,bipedal_tailed,,130
32,Nidoran♂,poison,,46,40,57,40,40,50,273,235,70,1059860,0.5,9,0,1,Purple,quadruped,,50
33,Nidorino,poison,,61,57,72,55,55,65,365,120,70,1059860,0.9,19.5,0,1,Purple,quadruped,,90
34,Nidoking,poison,ground,81,77,102,75,85,85,505,45,70,1059860,1.4,62,0,1,Purple,bipedal_tailed,,140
35,Clefairy,fairy,,70,48,45,65,60,35,323,150,140,800000,0.6,7.5,0,1,Pink,bipedal_tailed,,60
36,Clefable,fairy,,95,73,70,90,95,60,483,25,140,800000,1.3,40,0,1,Pink,bipedal_tailed,,130
37,Vulpix,fire,ice,38,40,41,65,50,65,299,190,70,1000000,0.6,9.9,0,1,Brown,quadruped,,60
38,Ninetales,fire,ice,73,75,67,100,81,109,505,75,70,1000000,1.1,19.9,0,1,Yellow,quadruped,,110
39,Jigglypuff,normal,fairy,115,20,45,25,45,20,270,170,70,800000,0.5,5.5,0,1,Pink,bipedal_tailless,,50
40,Wigglytuff,normal,fairy,140,45,70,50,85,45,435,50,70,800000,1,12,0,1,Pink,bipedal_tailless,,100
41,Zubat,poison,flying,40,35,45,40,30,55,245,255,70,1000000,0.8,7.5,0,1,Purple,two_wings,,80
42,Golbat,poison,flying,75,70,80,75,65,90,455,90,70,1000000,1.6,55,0,1,Purple,two_wings,,160
43,Oddish,grass,poison,45,55,50,65,75,30,320,255,70,1059860,0.5,5.4,0,1,Blue,head_legs,,50
44,Gloom,grass,poison,60,70,65,75,85,40,395,120,70,1059860,0.8,8.6,0,1,Blue,bipedal_tailless,,80
45,Vileplume,grass,poison,75,85,80,90,110,50,490,45,70,1059860,1.2,18.6,0,1,Red,bipedal_tailless,,120
46,Paras,bug,grass,35,55,70,55,45,25,285,190,70,1000000,0.3,5.4,0,1,Red,insectoid,,30
47,Parasect,bug,grass,60,80,95,80,60,30,405,75,70,1000000,1,29.5,0,1,Red,insectoid,,100
48,Venonat,bug,poison,60,50,55,55,40,45,305,190,70,1000000,1,30,0,1,Purple,bipedal_tailless,,100
49,Venomoth,bug,poison,70,60,65,75,90,90,450,75,70,1000000,1.5,12.5,0,1,Purple,four_wings,,150
50,Diglett,ground,ground,10,30,55,45,35,90,265,255,70,1000000,0.2,0.8,0,1,Brown,head_base,,20
51,Dugtrio,ground,ground,35,60,100,70,50,110,425,50,70,1000000,0.7,33.3,0,1,Brown,multiple_bodies,,70
52,Meowth,normal,dark,40,35,35,40,50,90,290,255,70,1000000,0.4,4.2,0,1,Yellow,quadruped,,40
53,Persian,normal,dark,65,60,60,65,75,115,440,90,70,1000000,1,32,0,1,Yellow,quadruped,,100
54,Psyduck,water,,50,48,52,50,65,55,320,190,70,1000000,0.8,19.6,0,1,Yellow,bipedal_tailed,,80
55,Golduck,water,,80,78,82,80,95,85,500,75,70,1000000,1.7,76.6,0,1,Blue,bipedal_tailed,,170
56,Mankey,fighting,,40,35,80,45,35,70,305,190,70,1000000,0.5,28,0,1,Brown,bipedal_tailed,,50
57,Primeape,fighting,,65,60,105,70,60,95,455,75,70,1000000,1,32,0,1,Brown,bipedal_tailed,,100
58,Growlithe,fire,,55,45,70,50,70,60,350,190,70,1250000,0.7,19,0,1,Brown,quadruped,,70
59,Arcanine,fire,,90,80,110,80,100,95,555,75,70,1250000,1.9,155,0,1,Brown,quadruped,,190
60,Poliwag,water,,40,40,50,40,40,90,300,255,70,1059860,0.6,12.4,0,1,Blue,head_legs,,60
61,Poliwhirl,water,,65,65,65,50,50,90,385,120,70,1059860,1,20,0,1,Blue,bipedal_tailless,,100
62,Poliwrath,water,fighting,90,95,95,90,70,70,510,45,70,1059860,1.3,54,0,1,Blue,bipedal_tailless,,130
63,Abra,psychic,,25,15,20,55,105,90,310,200,70,1059860,0.9,19.5,0,1,Brown,bipedal_tailed,,90
64,Kadabra,psychic,,40,30,35,70,120,105,400,100,70,1059860,1.3,56.5,0,1,Brown,bipedal_tailed,,130
65,Alakazam,psychic,,55,65,50,105,175,150,600,50,70,1059860,1.5,48,0,1,Brown,bipedal_tailless,,150
66,Machop,fighting,,70,50,80,35,35,35,305,180,70,1059860,0.8,19.5,0,1,Grey,bipedal_tailed,,80
67,Machoke,fighting,,80,70,100,60,50,45,405,90,70,1059860,1.5,70.5,0,1,Grey,bipedal_tailless,,150
68,Machamp,fighting,,90,80,130,85,65,55,505,45,70,1059860,1.6,130,0,1,Grey,bipedal_tailless,,160
69,Bellsprout,grass,poison,50,35,75,30,70,40,300,255,70,1059860,0.7,4,0,1,Green,bipedal_tailless,,70
70,Weepinbell,grass,poison,65,50,90,45,85,55,390,120,70,1059860,1,6.4,0,1,Green,head_base,,100
71,Victreebel,grass,poison,80,65,105,70,100,70,490,45,70,1059860,1.7,15.5,0,1,Green,head_base,,170
72,Tentacool,water,poison,40,35,40,100,50,70,335,190,70,1250000,0.9,45.5,0,1,Blue,several_limbs,,90
73,Tentacruel,water,poison,80,65,70,120,80,100,515,60,70,1250000,1.6,55,0,1,Blue,several_limbs,,160
74,Geodude,rock,ground,40,100,80,30,30,20,300,255,70,1059860,0.4,20,0,1,Brown,head_arms,,40
75,Graveler,rock,ground,55,115,95,45,45,35,390,120,70,1059860,1,105,0,1,Brown,bipedal_tailless,,100
76,Golem,rock,ground,80,130,120,65,55,45,495,45,70,1059860,1.4,300,0,1,Brown,bipedal_tailless,,140
77,Ponyta,fire,,50,55,85,65,65,90,410,190,70,1000000,1,30,0,1,Yellow,quadruped,,100
78,Rapidash,fire,,65,70,100,80,80,105,500,60,70,1000000,1.7,95,0,1,Yellow,quadruped,,170
79,Slowpoke,water,psychic,90,65,65,40,40,15,315,190,70,1000000,1.2,36,0,1,Pink,quadruped,,120
80,Slowbro,water,psychic,95,180,75,80,130,30,590,75,70,1000000,1.6,78.5,0,1,Pink,bipedal_tailed,,160
81,Magnemite,electric,steel,25,70,35,55,95,45,325,190,70,1000000,0.3,6,0,1,Grey,head_arms,,30
82,Magneton,electric,steel,50,95,60,70,120,70,465,60,70,1000000,1,60,0,1,Grey,multiple_bodies,,100
83,Farfetch'd,normal,flying,52,55,90,62,58,60,377,45,70,1000000,0.8,15,0,1,Brown,two_wings,,80
84,Doduo,normal,flying,35,45,85,35,35,75,310,190,70,1000000,1.4,39.2,0,1,Brown,head_legs,,140
85,Dodrio,normal,flying,60,70,110,60,60,110,470,45,70,1000000,1.8,85.2,0,1,Brown,head_legs,,180
86,Seel,water,,65,55,45,70,45,45,325,190,70,1000000,1.1,90,0,1,White,with_fins,,110
87,Dewgong,water,ice,90,80,70,95,70,70,475,75,70,1000000,1.7,120,0,1,White,with_fins,,170
88,Grimer,poison,poison,80,50,80,50,40,25,325,190,70,1000000,0.9,30,0,1,Purple,head_arms,,90
89,Muk,poison,poison,105,75,105,100,65,50,500,75,70,1000000,1.2,30,0,1,Purple,head_arms,,120
90,Shellder,water,,30,100,65,25,45,40,305,190,70,1250000,0.3,4,0,1,Purple,head_only,,30
91,Cloyster,water,ice,50,180,95,45,85,70,525,60,70,1250000,1.5,132.5,0,1,Purple,head_only,,150
92,Gastly,ghost,poison,30,30,35,35,100,80,310,190,70,1059860,1.3,0.1,0,1,Purple,head_only,,130
93,Haunter,ghost,poison,45,45,50,55,115,95,405,90,70,1059860,1.6,0.1,0,1,Purple,head_arms,,160
94,Gengar,ghost,poison,60,80,65,95,170,130,600,45,70,1059860,1.5,40.5,0,1,Purple,bipedal_tailed,,150
95,Onix,rock,ground,35,160,45,45,30,70,385,45,70,1000000,8.8,210,0,1,Grey,serpentine_body,,880
96,Drowzee,psychic,,60,45,48,90,43,42,328,190,70,1000000,1,32.4,0,1,Yellow,bipedal_tailless,,100
97,Hypno,psychic,,85,70,73,115,73,67,483,75,70,1000000,1.6,75.6,0,1,Yellow,bipedal_tailless,,160
98,Krabby,water,,30,90,105,25,25,50,325,225,70,1000000,0.4,6.5,0,1,Red,insectoid,,40
99,Kingler,water,,55,115,130,50,50,75,475,60,70,1000000,1.3,60,0,1,Red,insectoid,,130
100,Voltorb,electric,,40,50,30,55,55,100,330,190,70,1000000,0.5,10.4,0,1,Red,head_only,,50
101,Electrode,electric,,60,70,50,80,80,150,490,60,70,1000000,1.2,66.6,0,1,Red,head_only,,120
102,Exeggcute,grass,psychic,60,80,40,45,60,40,325,90,70,1250000,0.4,2.5,0,1,Pink,multiple_bodies,,40
103,Exeggutor,grass,psychic,95,85,105,75,125,45,530,45,70,1250000,2,120,0,1,Yellow,head_legs,,200
104,Cubone,ground,,50,95,50,50,40,35,320,190,70,1000000,0.4,6.5,0,1,Brown,bipedal_tailed,,40
105,Marowak,ground,fire,60,110,80,80,50,45,425,75,70,1000000,1,45,0,1,Brown,bipedal_tailed,,100
106,Hitmonlee,fighting,,50,53,120,110,35,87,455,45,70,1000000,1.5,49.8,0,1,Brown,bipedal_tailless,,150
107,Hitmonchan,fighting,,50,79,105,110,35,76,455,45,70,1000000,1.4,50.2,0,1,Brown,bipedal_tailless,,140
108,Lickitung,normal,,90,75,55,75,60,30,385,45,70,1000000,1.2,65.5,0,1,Pink,bipedal_tailed,,120
109,Koffing,poison,,40,95,65,45,60,35,340,190,70,1000000,0.6,1,0,1,Purple,head_only,,60
110,Weezing,poison,,65,120,90,70,85,60,490,60,70,1000000,1.2,9.5,0,1,Purple,multiple_bodies,,120
111,Rhyhorn,ground,rock,80,95,85,30,30,25,345,120,70,1250000,1,115,0,1,Grey,quadruped,,100
112,Rhydon,ground,rock,105,120,130,45,45,40,485,60,70,1250000,1.9,120,0,1,Grey,bipedal_tailed,,190
113,Chansey,normal,,250,5,5,105,35,50,450,30,140,800000,1.1,34.6,0,1,Pink,bipedal_tailed,,110
114,Tangela,grass,,65,115,55,40,100,60,435,45,70,1000000,1,35,0,1,Blue,head_legs,,100
115,Kangaskhan,normal,,105,100,125,100,60,100,590,45,70,1000000,2.2,80,0,1,Brown,bipedal_tailed,,220
116,Horsea,water,,30,70,40,25,70,60,295,225,70,1000000,0.4,8,0,1,Blue,head_base,,40
117,Seadra,water,,55,95,65,45,95,85,440,75,70,1000000,1.2,25,0,1,Blue,head_base,,120
118,Goldeen,water,,45,60,67,50,35,63,320,225,70,1000000,0.6,15,0,1,Red,with_fins,,60
119,Seaking,water,,80,65,92,80,65,68,450,60,70,1000000,1.3,39,0,1,Red,with_fins,,130
120,Staryu,water,,30,55,45,55,70,85,340,225,70,1250000,0.8,34.5,0,1,Brown,head_base,,80
121,Starmie,water,psychic,60,85,75,85,100,115,520,60,70,1250000,1.1,80,0,1,Purple,head_base,,110
122,Mr. Mime,psychic,fairy,40,65,45,120,100,90,460,45,70,1000000,1.3,54.5,0,1,Pink,bipedal_tailless,,130
123,Scyther,bug,flying,70,80,110,80,55,105,500,45,70,1000000,1.5,56,0,1,Green,four_wings,,150
124,Jynx,ice,psychic,65,35,50,95,115,95,455,45,70,1000000,1.4,40.6,0,1,Red,bipedal_tailless,,140
125,Electabuzz,electric,,65,57,83,85,95,105,490,45,70,1000000,1.1,30,0,1,Yellow,bipedal_tailed,,110
126,Magmar,fire,,65,57,95,85,100,93,495,45,70,1000000,1.3,44.5,0,1,Red,bipedal_tailed,,130
127,Pinsir,bug,,65,120,155,90,65,105,600,45,70,1250000,1.5,55,0,1,Brown,bipedal_tailless,,150
128,Tauros,normal,,75,95,100,70,40,110,490,45,70,1250000,1.4,88.4,0,1,Brown,quadruped,,140
129,Magikarp,water,,20,55,10,20,15,80,200,255,70,1250000,0.9,10,0,1,Red,with_fins,,90
130,Gyarados,water,flying,95,109,155,130,70,81,640,45,70,1250000,6.5,235,0,1,Blue,serpentine_body,,650
131,Lapras,water,ice,130,80,85,95,85,60,535,45,70,1250000,2.5,220,0,1,Blue,with_fins,,250
132,Ditto,normal,,48,48,48,48,48,48,288,35,70,1000000,0.3,4,0,1,Purple,head_only,,30
133,Eevee,normal,,55,50,55,65,45,55,325,45,70,1000000,0.3,6.5,0,1,Brown,quadruped,,30
134,Vaporeon,water,,130,60,65,95,110,65,525,45,70,1000000,1,29,0,1,Blue,quadruped,,100
135,Jolteon,electric,,65,60,65,95,110,130,525,45,70,1000000,0.8,24.5,0,1,Yellow,quadruped,,80
136,Flareon,fire,,65,60,130,110,95,65,525,45,70,1000000,0.9,25,0,1,Red,quadruped,,90
137,Porygon,normal,,65,70,60,75,85,40,395,45,70,1000000,0.8,36.5,0,1,Pink,head_legs,,80
138,Omanyte,rock,water,35,100,40,55,90,35,355,45,70,1000000,0.4,7.5,0,1,Blue,several_limbs,,40
139,Omastar,rock,water,70,125,60,70,115,55,495,45,70,1000000,1,35,0,1,Blue,several_limbs,,100
140,Kabuto,rock,water,30,90,80,45,55,55,355,45,70,1000000,0.5,11.5,0,1,Brown,insectoid,,50
141,Kabutops,rock,water,60,105,115,70,65,80,495,45,70,1000000,1.3,40.5,0,1,Brown,bipedal_tailed,,130
142,Aerodactyl,rock,flying,80,85,135,95,70,150,615,45,70,1250000,1.8,59,0,1,Purple,two_wings,,180
143,Snorlax,normal,,160,65,110,110,65,30,540,25,70,1250000,2.1,460,0,1,Black,bipedal_tailless,,210
144,Articuno,ice,flying,90,100,85,125,95,85,580,3,35,1250000,1.7,55.4,1,1,Blue,two_wings,,170
145,Zapdos,electric,flying,90,85,90,90,125,100,580,3,35,1250000,1.6,52.6,1,1,Yellow,two_wings,,160
146,Moltres,fire,flying,90,90,100,85,125,90,580,3,35,1250000,2,60,1,1,Yellow,two_wings,,200
147,Dratini,dragon,,41,45,64,50,50,50,300,45,35,1250000,1.8,3.3,0,1,Blue,serpentine_body,,180
148,Dragonair,dragon,,61,65,84,70,70,70,420,45,35,1250000,4,16.5,0,1,Blue,serpentine_body,,400
149,Dragonite,dragon,flying,91,95,134,100,100,80,600,45,35,1250000,2.2,210,0,1,Brown,bipedal_tailed,,220
150,Mewtwo,psychic,,106,70,150,120,194,140,780,3,0,1250000,2,122,1,1,Purple,bipedal_tailed,,200
151,Mew,psychic,,100,100,100,100,100,100,600,45,100,1059860,0.4,4,1,1,Pink,bipedal_tailed,,40
152,Chikorita,grass,,45,65,49,65,49,45,318,45,70,1059860,0.9,6.4,0,2,Green,quadruped,,90
153,Bayleef,grass,,60,80,62,80,63,60,405,45,70,1059860,1.2,15.8,0,2,Green,quadruped,,120
154,Meganium,grass,,80,100,82,100,83,80,525,45,70,1059860,1.8,100.5,0,2,Green,quadruped,,180
155,Cyndaquil,fire,,39,43,52,50,60,65,309,45,70,1059860,0.5,7.9,0,2,Yellow,bipedal_tailless,,50
156,Quilava,fire,,58,58,64,65,80,80,405,45,70,1059860,0.9,19,0,2,Yellow,quadruped,,90
157,Typhlosion,fire,,78,78,84,85,109,100,534,45,70,1059860,1.7,79.5,0,2,Yellow,quadruped,,170
158,Totodile,water,,50,64,65,48,44,43,314,45,70,1059860,0.6,9.5,0,2,Blue,bipedal_tailed,,60
159,Croconaw,water,,65,80,80,63,59,58,405,45,70,1059860,1.1,25,0,2,Blue,bipedal_tailed,,110
160,Feraligatr,water,,85,100,105,83,79,78,530,45,70,1059860,2.3,88.8,0,2,Blue,bipedal_tailed,,230
161,Sentret,normal,,35,34,46,45,35,20,215,255,70,1000000,0.8,6,0,2,Brown,quadruped,,80
162,Furret,normal,,85,64,76,55,45,90,415,90,70,1000000,1.8,32.5,0,2,Brown,quadruped,,180
163,Hoothoot,normal,flying,60,30,30,56,36,50,262,255,70,1000000,0.7,21.2,0,2,Brown,two_wings,,70
164,Noctowl,normal,flying,100,50,50,96,86,70,452,90,70,1000000,1.6,40.8,0,2,Brown,two_wings,,160
165,Ledyba,bug,flying,40,30,20,80,40,55,265,255,70,800000,1,10.8,0,2,Red,two_wings,,100
166,Ledian,bug,flying,55,50,35,110,55,85,390,90,70,800000,1.4,35.6,0,2,Red,two_wings,,140
167,Spinarak,bug,poison,40,40,60,40,40,30,250,255,70,800000,0.5,8.5,0,2,Green,insectoid,,50
168,Ariados,bug,poison,70,70,90,70,60,40,400,90,70,800000,1.1,33.5,0,2,Red,insectoid,,110
169,Crobat,poison,flying,85,80,90,80,70,130,535,90,70,1000000,1.8,75,0,2,Purple,four_wings,,180
170,Chinchou,water,electric,75,38,38,56,56,67,330,190,70,1250000,0.5,12,0,2,Blue,with_fins,,50
171,Lanturn,water,electric,125,58,58,76,76,67,460,75,70,1250000,1.2,22.5,0,2,Blue,with_fins,,120
172,Pichu,electric,,20,15,40,35,35,60,205,190,70,1000000,0.3,2,0,2,Yellow,quadruped,,30
173,Cleffa,fairy,,50,28,25,55,45,15,218,150,140,800000,0.3,3,0,2,Pink,bipedal_tailed,,30
174,Igglybuff,normal,fairy,90,15,30,20,40,15,210,170,70,800000,0.3,1,0,2,Pink,bipedal_tailless,,30
175,Togepi,fairy,,35,65,20,65,40,20,245,190,70,800000,0.3,1.5,0,2,White,bipedal_tailless,,30
176,Togetic,fairy,flying,55,85,40,105,80,40,405,75,70,800000,0.6,3.2,0,2,White,bipedal_tailless,,60
177,Natu,psychic,flying,40,45,50,45,70,70,320,190,70,1000000,0.2,2,0,2,Green,two_wings,,20
178,Xatu,psychic,flying,65,70,75,70,95,95,470,75,70,1000000,1.5,15,0,2,Green,two_wings,,150
179,Mareep,electric,,55,40,40,45,65,35,280,235,70,1059860,0.6,7.8,0,2,White,quadruped,,60
180,Flaaffy,electric,,70,55,55,60,80,45,365,120,70,1059860,0.8,13.3,0,2,Pink,bipedal_tailed,,80
181,Ampharos,electric,,90,105,95,110,165,45,610,45,70,1059860,1.4,61.5,0,2,Yellow,bipedal_tailed,,140
182,Bellossom,grass,,75,95,80,100,90,50,490,45,70,1059860,0.4,5.8,0,2,Green,bipedal_tailless,,40
183,Marill,water,fairy,70,50,20,50,20,40,250,190,70,800000,0.4,8.5,0,2,Blue,bipedal_tailed,,40
184,Azumarill,water,fairy,100,80,50,80,60,50,420,75,70,800000,0.8,28.5,0,2,Blue,bipedal_tailed,,80
185,Sudowoodo,rock,,70,115,100,65,30,30,410,65,70,1000000,1.2,38,0,2,Brown,bipedal_tailless,,120
186,Politoed,water,,90,75,75,100,90,70,500,45,70,1059860,1.1,33.9,0,2,Green,bipedal_tailed,,110
187,Hoppip,grass,flying,35,40,35,55,35,50,250,255,70,1059860,0.4,0.5,0,2,Pink,bipedal_tailed,,40
188,Skiploom,grass,flying,55,50,45,65,45,80,340,120,70,1059860,0.6,1,0,2,Green,bipedal_tailed,,60
189,Jumpluff,grass,flying,75,70,55,95,55,110,460,45,70,1059860,0.8,3,0,2,Blue,bipedal_tailed,,80
190,Aipom,normal,,55,55,70,55,40,85,360,45,70,800000,0.8,11.5,0,2,Purple,bipedal_tailed,,80
191,Sunkern,grass,,30,30,30,30,30,30,180,235,70,1059860,0.3,1.8,0,2,Yellow,head_only,,30
192,Sunflora,grass,,75,55,75,85,105,30,425,120,70,1059860,0.8,8.5,0,2,Yellow,bipedal_tailless,,80
193,Yanma,bug,flying,65,45,65,45,75,95,390,75,70,1000000,1.2,38,0,2,Red,four_wings,,120
194,Wooper,water,ground,55,45,45,25,25,15,210,255,70,1000000,0.4,8.5,0,2,Blue,head_legs,,40
195,Quagsire,water,ground,95,85,85,65,65,35,430,90,70,1000000,1.4,75,0,2,Blue,bipedal_tailed,,140
196,Espeon,psychic,,65,60,65,95,130,110,525,45,70,1000000,0.9,26.5,0,2,Purple,quadruped,,90
197,Umbreon,dark,,95,110,65,130,60,65,525,45,35,1000000,1,27,0,2,Black,quadruped,,100
198,Murkrow,dark,flying,60,42,85,42,85,91,405,30,35,1059860,0.5,2.1,0,2,Black,two_wings,,50
199,Slowking,water,psychic,95,80,75,110,100,30,490,70,70,1000000,2,79.5,0,2,Pink,bipedal_tailed,,200
200,Misdreavus,ghost,,60,60,60,85,85,85,435,45,35,800000,0.7,1,0,2,Purple,head_only,,70
201,Unown,psychic,,48,48,72,48,72,48,336,225,70,1000000,0.5,5,0,2,Black,head_only,,50
202,Wobbuffet,psychic,,190,58,33,58,33,33,405,45,70,1000000,1.3,28.5,0,2,Blue,head_base,,130
203,Girafarig,normal,psychic,70,65,80,65,90,85,455,60,70,1000000,1.5,41.5,0,2,Yellow,quadruped,,150
204,Pineco,bug,,50,90,65,35,35,15,290,190,70,1000000,0.6,7.2,0,2,Grey,head_only,,60
205,Forretress,bug,steel,75,140,90,60,60,40,465,75,70,1000000,1.2,125.8,0,2,Purple,head_only,,120
206,Dunsparce,normal,,100,70,70,65,65,45,415,190,70,1000000,1.5,14,0,2,Yellow,serpentine_body,,150
207,Gligar,ground,flying,65,105,75,65,35,85,430,60,70,1059860,1.1,64.8,0,2,Purple,two_wings,,110
208,Steelix,steel,ground,75,230,125,95,55,30,610,25,70,1000000,9.2,400,0,2,Grey,serpentine_body,,920
209,Snubbull,fairy,,60,50,80,40,40,30,300,190,70,800000,0.6,7.8,0,2,Pink,bipedal_tailless,,60
210,Granbull,fairy,,90,75,120,60,60,45,450,75,70,800000,1.4,48.7,0,2,Purple,bipedal_tailed,,140
211,Qwilfish,water,poison,65,85,95,55,55,85,440,45,70,1000000,0.5,3.9,0,2,Grey,with_fins,,50
212,Scizor,bug,steel,70,140,150,100,65,75,600,25,70,1000000,1.8,118,0,2,Red,four_wings,,180
213,Shuckle,bug,rock,20,230,10,230,10,5,505,190,70,1059860,0.6,20.5,0,2,Yellow,insectoid,,60
214,Heracross,bug,fighting,80,115,185,105,40,75,600,45,70,1250000,1.5,54,0,2,Blue,bipedal_tailless,,150
215,Sneasel,dark,ice,55,55,95,75,35,115,430,60,35,1059860,0.9,28,0,2,Black,bipedal_tailed,,90
216,Teddiursa,normal,,60,50,80,50,50,40,330,120,70,1000000,0.6,8.8,0,2,Brown,bipedal_tailed,,60
217,Ursaring,normal,,90,75,130,75,75,55,500,60,70,1000000,1.8,125.8,0,2,Brown,bipedal_tailed,,180
218,Slugma,fire,,40,40,40,40,70,20,250,190,70,1000000,0.7,35,0,2,Red,serpentine_body,,70
219,Magcargo,fire,rock,60,120,50,80,90,30,430,75,70,1000000,0.8,55,0,2,Red,serpentine_body,,80
220,Swinub,ice,ground,50,40,50,30,30,50,250,225,70,1250000,0.4,6.5,0,2,Brown,quadruped,,40
221,Piloswine,ice,ground,100,80,100,60,60,50,450,75,70,1250000,1.1,55.8,0,2,Brown,quadruped,,110
222,Corsola,water,rock,65,95,55,95,65,35,410,60,70,800000,0.6,5,0,2,Pink,insectoid,,60
223,Remoraid,water,,35,35,65,35,65,65,300,190,70,1000000,0.6,12,0,2,Grey,with_fins,,60
224,Octillery,water,,75,75,105,75,105,45,480,75,70,1000000,0.9,28.5,0,2,Red,several_limbs,,90
225,Delibird,ice,flying,45,45,55,45,65,75,330,45,70,800000,0.9,16,0,2,Red,two_wings,,90
226,Mantine,water,flying,85,70,40,140,80,70,485,25,70,1250000,2.1,220,0,2,Purple,two_wings,,210
227,Skarmory,steel,flying,65,140,80,70,40,70,465,25,70,1250000,1.7,50.5,0,2,Grey,two_wings,,170
228,Houndour,dark,fire,45,30,60,50,80,65,330,120,35,1250000,0.6,10.8,0,2,Black,quadruped,,60
229,Houndoom,dark,fire,75,90,90,90,140,115,600,45,35,1250000,1.4,35,0,2,Black,quadruped,,140
230,Kingdra,water,dragon,75,95,95,95,95,85,540,45,70,1000000,1.8,152,0,2,Blue,head_base,,180
231,Phanpy,ground,,90,60,60,40,40,40,330,120,70,1000000,0.5,33.5,0,2,Blue,quadruped,,50
232,Donphan,ground,,90,120,120,60,60,50,500,60,70,1000000,1.1,120,0,2,Grey,quadruped,,110
233,Porygon2,normal,,85,90,80,95,105,60,515,45,70,1000000,0.6,32.5,0,2,Red,head_legs,,60
234,Stantler,normal,,73,62,95,65,85,85,465,45,70,1250000,1.4,71.2,0,2,Brown,quadruped,,140
235,Smeargle,normal,,55,35,20,45,20,75,250,45,70,800000,1.2,58,0,2,White,bipedal_tailed,,120
236,Tyrogue,fighting,,35,35,35,35,35,35,210,75,70,1000000,0.7,21,0,2,Purple,bipedal_tailless,,70
237,Hitmontop,fighting,,50,95,95,110,35,70,455,45,70,1000000,1.4,48,0,2,Brown,bipedal_tailed,,140
238,Smoochum,ice,psychic,45,15,30,65,85,65,305,45,70,1000000,0.4,6,0,2,Pink,bipedal_tailless,,40
239,Elekid,electric,,45,37,63,55,65,95,360,45,70,1000000,0.6,23.5,0,2,Yellow,bipedal_tailless,,60
240,Magby,fire,,45,37,75,55,70,83,365,45,70,1000000,0.7,21.4,0,2,Red,bipedal_tailed,,70
241,Miltank,normal,,95,105,80,70,40,100,490,45,70,1250000,1.2,75.5,0,2,Pink,bipedal_tailed,,120
242,Blissey,normal,,255,10,10,135,75,55,540,30,140,800000,1.5,46.8,0,2,Pink,bipedal_tailless,,150
243,Raikou,electric,,90,75,85,100,115,115,580,3,35,1250000,1.9,178,1,2,Yellow,quadruped,,190
244,Entei,fire,,115,85,115,75,90,100,580,3,35,1250000,2.1,198,1,2,Brown,quadruped,,210
245,Suicune,water,,100,115,75,115,90,85,580,3,35,1250000,2,187,1,2,Blue,quadruped,,200
246,Larvitar,rock,ground,50,50,64,50,45,41,300,45,35,1250000,0.6,72,0,2,Green,bipedal_tailed,,60
247,Pupitar,rock,ground,70,70,84,70,65,51,410,45,35,1250000,1.2,152,0,2,Grey,serpentine_body,,120
248,Tyranitar,rock,dark,100,150,164,120,95,71,700,45,35,1250000,2,202,0,2,Green,bipedal_tailed,,200
249,Lugia,psychic,flying,106,130,90,154,90,110,680,3,0,1250000,5.2,216,1,2,White,two_wings,,520
250,Ho-Oh,fire,flying,106,90,130,154,110,90,680,3,0,1250000,3.8,199,1,2,Red,two_wings,,380
251,Celebi,psychic,grass,100,100,100,100,100,100,600,45,100,1059860,0.6,5,1,2,Green,bipedal_tailless,,60
252,Treecko,grass,,40,35,45,55,65,70,310,45,70,1059860,0.5,5,0,3,Green,bipedal_tailed,,50
253,Grovyle,grass,,50,45,65,65,85,95,405,45,70,1059860,0.9,21.6,0,3,Green,bipedal_tailed,,90
254,Sceptile,grass,,70,75,110,85,145,145,630,45,70,1059860,1.7,52.2,0,3,Green,bipedal_tailed,,170
255,Torchic,fire,,45,40,60,50,70,45,310,45,70,1059860,0.4,2.5,0,3,Red,head_legs,,40
256,Combusken,fire,fighting,60,60,85,60,85,55,405,45,70,1059860,0.9,19.5,0,3,Red,bipedal_tailed,,90
257,Blaziken,fire,fighting,80,80,160,80,130,100,630,45,70,1059860,1.9,52,0,3,Red,bipedal_tailed,,190
258,Mudkip,water,,50,50,70,50,50,40,310,45,70,1059860,0.4,7.6,0,3,Blue,quadruped,,40
259,Marshtomp,water,ground,70,70,85,70,60,50,405,45,70,1059860,0.7,28,0,3,Blue,bipedal_tailed,,70
260,Swampert,water,ground,100,110,150,110,95,70,635,45,70,1059860,1.5,81.9,0,3,Blue,bipedal_tailed,,150
261,Poochyena,dark,,35,35,55,30,30,35,220,255,70,1000000,0.5,13.6,0,3,Grey,quadruped,,50
262,Mightyena,dark,,70,70,90,60,60,70,420,127,70,1000000,1,37,0,3,Grey,quadruped,,100
263,Zigzagoon,normal,,38,41,30,41,30,60,240,255,70,1000000,0.4,17.5,0,3,Brown,quadruped,,40
264,Linoone,normal,,78,61,70,61,50,100,420,90,70,1000000,0.5,32.5,0,3,White,quadruped,,50
265,Wurmple,bug,,45,35,45,30,20,20,195,255,70,1000000,0.3,3.6,0,3,Red,serpentine_body,,30
266,Silcoon,bug,,50,55,35,25,25,15,205,120,70,1000000,0.6,10,0,3,White,head_only,,60
267,Beautifly,bug,flying,60,50,70,50,100,65,395,45,70,1000000,1,28.4,0,3,Yellow,four_wings,,100
268,Cascoon,bug,,50,55,35,25,25,15,205,120,70,1000000,0.7,11.5,0,3,Purple,head_only,,70
269,Dustox,bug,poison,60,70,50,90,50,65,385,45,70,1000000,1.2,31.6,0,3,Green,four_wings,,120
270,Lotad,water,grass,40,30,30,50,40,30,220,255,70,1059860,0.5,2.6,0,3,Green,insectoid,,50
271,Lombre,water,grass,60,50,50,70,60,50,340,120,70,1059860,1.2,32.5,0,3,Green,bipedal_tailless,,120
272,Ludicolo,water,grass,80,70,70,100,90,70,480,45,70,1059860,1.5,55,0,3,Green,bipedal_tailless,,150
273,Seedot,grass,,40,50,40,30,30,30,220,255,70,1059860,0.5,4,0,3,Brown,head_legs,,50
274,Nuzleaf,grass,dark,70,40,70,40,60,60,340,120,70,1059860,1,28,0,3,Brown,bipedal_tailless,,100
275,Shiftry,grass,dark,90,60,100,60,90,80,480,45,70,1059860,1.3,59.6,0,3,Brown,bipedal_tailless,,130
276,Taillow,normal,flying,40,30,55,30,30,85,270,200,70,1059860,0.3,2.3,0,3,Blue,two_wings,,30
277,Swellow,normal,flying,60,60,85,50,75,125,455,45,70,1059860,0.7,19.8,0,3,Blue,two_wings,,70
278,Wingull,water,flying,40,30,30,30,55,85,270,190,70,1000000,0.6,9.5,0,3,White,two_wings,,60
279,Pelipper,water,flying,60,100,50,70,95,65,440,45,70,1000000,1.2,28,0,3,Yellow,two_wings,,120
280,Ralts,psychic,fairy,28,25,25,35,45,40,198,235,35,1250000,0.4,6.6,0,3,White,bipedal_tailless,,40
281,Kirlia,psychic,fairy,38,35,35,55,65,50,278,120,35,1250000,0.8,20.2,0,3,White,bipedal_tailless,,80
282,Gardevoir,psychic,fairy,68,65,85,135,165,100,618,45,35,1250000,1.6,48.4,0,3,White,bipedal_tailless,,160
283,Surskit,bug,water,40,32,30,52,50,65,269,200,70,1000000,0.5,1.7,0,3,Blue,insectoid,,50
284,Masquerain,bug,flying,70,62,60,82,100,80,454,75,70,1000000,0.8,3.6,0,3,Blue,four_wings,,80
285,Shroomish,grass,,60,60,40,60,40,35,295,255,70,1640000,0.4,4.5,0,3,Brown,head_legs,,40
286,Breloom,grass,fighting,60,80,130,60,60,70,460,90,70,1640000,1.2,39.2,0,3,Green,bipedal_tailed,,120
287,Slakoth,normal,,60,60,60,35,35,30,280,255,70,1250000,0.8,24,0,3,Brown,quadruped,,80
288,Vigoroth,normal,,80,80,80,55,55,90,440,120,70,1250000,1.4,46.5,0,3,White,bipedal_tailed,,140
289,Slaking,normal,,150,100,160,65,95,100,670,45,70,1250000,2,130.5,0,3,Brown,bipedal_tailless,,200
290,Nincada,bug,ground,31,90,45,30,30,40,266,255,70,600000,0.5,5.5,0,3,Grey,insectoid,,50
291,Ninjask,bug,flying,61,45,90,50,50,160,456,120,70,600000,0.8,12,0,3,Yellow,four_wings,,80
292,Shedinja,bug,ghost,1,45,90,30,30,40,236,45,70,600000,0.8,1.2,0,3,Brown,head_base,,80
293,Whismur,normal,,64,23,51,23,51,28,240,190,70,1059860,0.6,16.3,0,3,Pink,bipedal_tailed,,60
294,Loudred,normal,,84,43,71,43,71,48,360,120,70,1059860,1,40.5,0,3,Blue,bipedal_tailed,,100
295,Exploud,normal,,104,63,91,73,91,68,490,45,70,1059860,1.5,84,0,3,Blue,bipedal_tailed,,150
296,Makuhita,fighting,,72,30,60,30,20,25,237,180,70,1640000,1,86.4,0,3,Yellow,bipedal_tailless,,100
297,Hariyama,fighting,,144,60,120,60,40,50,474,200,70,1640000,2.3,253.8,0,3,Brown,bipedal_tailless,,230
298,Azurill,normal,fairy,50,40,20,40,20,20,190,150,70,800000,0.2,2,0,3,Blue,head_legs,,20
299,Nosepass,rock,,30,135,45,90,45,30,375,255,70,1000000,1,97,0,3,Grey,bipedal_tailless,,100
300,Skitty,normal,,50,45,45,35,35,50,260,255,70,800000,0.6,11,0,3,Pink,quadruped,,60
301,Delcatty,normal,,70,65,65,55,55,90,400,60,70,800000,1.1,32.6,0,3,Purple,quadruped,,110
302,Sableye,dark,ghost,50,125,85,115,85,20,480,45,35,1059860,0.5,11,0,3,Purple,bipedal_tailless,,50
303,Mawile,steel,fairy,50,125,105,95,55,50,480,45,70,800000,0.6,11.5,0,3,Black,bipedal_tailless,,60
304,Aron,steel,rock,50,100,70,40,40,30,330,180,35,1250000,0.4,60,0,3,Grey,quadruped,,40
305,Lairon,steel,rock,60,140,90,50,50,40,430,90,35,1250000,0.9,120,0,3,Grey,quadruped,,90
306,Aggron,steel,rock,70,230,140,80,60,50,630,45,35,1250000,2.1,360,0,3,Grey,bipedal_tailed,,210
307,Meditite,fighting,psychic,30,55,40,55,40,60,280,180,70,1000000,0.6,11.2,0,3,Blue,bipedal_tailless,,60
308,Medicham,fighting,psychic,60,85,100,85,80,100,510,90,70,1000000,1.3,31.5,0,3,Red,bipedal_tailless,,130
309,Electrike,electric,,40,40,45,40,65,65,295,120,70,1250000,0.6,15.2,0,3,Green,quadruped,,60
310,Manectric,electric,,70,80,75,80,135,135,575,45,70,1250000,1.5,40.2,0,3,Yellow,quadruped,,150
311,Plusle,electric,,60,40,50,75,85,95,405,200,70,1000000,0.4,4.2,0,3,Yellow,bipedal_tailed,,40
312,Minun,electric,,60,50,40,85,75,95,405,200,70,1000000,0.4,4.2,0,3,Yellow,bipedal_tailed,,40
313,Volbeat,bug,,65,75,73,85,47,85,430,150,70,600000,0.7,17.7,0,3,Grey,bipedal_tailed,,70
314,Illumise,bug,,65,75,47,85,73,85,430,150,70,1640000,0.6,17.7,0,3,Purple,bipedal_tailless,,60
315,Roselia,grass,poison,50,45,60,80,100,65,400,150,70,1059860,0.3,2,0,3,Green,bipedal_tailless,,30
316,Gulpin,poison,,70,53,43,53,43,40,302,225,70,1640000,0.4,10.3,0,3,Green,head_arms,,40
317,Swalot,poison,,100,83,73,83,73,55,467,75,70,1640000,1.7,80,0,3,Purple,head_arms,,170
318,Carvanha,water,dark,45,20,90,20,65,65,305,225,35,1250000,0.8,20.8,0,3,Red,with_fins,,80
319,Sharpedo,water,dark,70,70,140,65,110,105,560,60,35,1250000,1.8,88.8,0,3,Blue,with_fins,,180
320,Wailmer,water,,130,35,70,35,70,60,400,125,70,1640000,2,130,0,3,Blue,with_fins,,200
321,Wailord,water,,170,45,90,45,90,60,500,60,70,1640000,14.5,398,0,3,Blue,with_fins,,1450
322,Numel,fire,ground,60,40,60,45,65,35,305,255,70,1000000,0.7,24,0,3,Yellow,quadruped,,70
323,Camerupt,fire,ground,70,100,120,105,145,20,560,150,70,1000000,1.9,220,0,3,Red,quadruped,,190
324,Torkoal,fire,,70,140,85,70,85,20,470,90,70,1000000,0.5,80.4,0,3,Brown,quadruped,,50
325,Spoink,psychic,,60,35,25,80,70,60,330,255,70,800000,0.7,30.6,0,3,Black,head_arms,,70
326,Grumpig,psychic,,80,65,45,110,90,80,470,60,70,800000,0.9,71.5,0,3,Purple,bipedal_tailed,,90
327,Spinda,normal,,60,60,60,60,60,60,360,255,70,800000,1.1,5,0,3,Brown,bipedal_tailed,,110
328,Trapinch,ground,,45,45,100,45,45,10,290,255,70,1059860,0.7,15,0,3,Brown,insectoid,,70
329,Vibrava,ground,dragon,50,50,70,50,50,70,340,120,70,1059860,1.1,15.3,0,3,Green,four_wings,,110
330,Flygon,ground,dragon,80,80,100,80,80,100,520,45,70,1059860,2,82,0,3,Green,two_wings,,200
331,Cacnea,grass,,50,40,85,40,85,35,335,190,35,1059860,0.4,51.3,0,3,Green,bipedal_tailless,,40
332,Cacturne,grass,dark,70,60,115,60,115,55,475,60,35,1059860,1.3,77.4,0,3,Green,bipedal_tailless,,130
333,Swablu,normal,flying,45,60,40,75,40,50,310,255,70,600000,0.4,1.2,0,3,Blue,two_wings,,40
334,Altaria,dragon,flying,75,110,110,105,110,80,590,45,70,600000,1.1,20.6,0,3,Blue,two_wings,,110
335,Zangoose,normal,,73,60,115,60,60,90,458,90,70,600000,1.3,40.3,0,3,White,bipedal_tailed,,130
336,Seviper,poison,,73,60,100,60,100,65,458,90,70,1640000,2.7,52.5,0,3,Black,serpentine_body,,270
337,Lunatone,rock,psychic,90,65,55,85,95,70,460,45,70,800000,1,168,0,3,Yellow,head_only,,100
338,Solrock,rock,psychic,90,85,95,65,55,70,460,45,70,800000,1.2,154,0,3,Red,head_only,,120
339,Barboach,water,ground,50,43,48,41,46,60,288,190,70,1000000,0.4,1.9,0,3,Grey,with_fins,,40
340,Whiscash,water,ground,110,73,78,71,76,60,468,75,70,1000000,0.9,23.6,0,3,Blue,with_fins,,90
341,Corphish,water,,43,65,80,35,50,35,308,205,70,1640000,0.6,11.5,0,3,Red,insectoid,,60
342,Crawdaunt,water,dark,63,85,120,55,90,55,468,155,70,1640000,1.1,32.8,0,3,Red,insectoid,,110
343,Baltoy,ground,psychic,40,55,40,70,40,55,300,255,70,1000000,0.5,21.5,0,3,Brown,head_arms,,50
344,Claydol,ground,psychic,60,105,70,120,70,75,500,90,70,1000000,1.5,108,0,3,Black,head_arms,,150
345,Lileep,rock,grass,66,77,41,87,61,23,355,45,70,600000,1,23.8,0,3,Purple,head_base,,100
346,Cradily,rock,grass,86,97,81,107,81,43,495,45,70,600000,1.5,60.4,0,3,Green,head_base,,150
347,Anorith,rock,bug,45,50,95,50,40,75,355,45,70,600000,0.7,12.5,0,3,Grey,insectoid,,70
348,Armaldo,rock,bug,75,100,125,80,70,45,495,45,70,600000,1.5,68.2,0,3,Grey,bipedal_tailed,,150
349,Feebas,water,,20,20,15,55,10,80,200,255,70,600000,0.6,7.4,0,3,Brown,with_fins,,60
350,Milotic,water,,95,79,60,125,100,81,540,60,70,600000,6.2,162,0,3,Pink,serpentine_body,,620
351,Castform,normal,,70,70,70,70,70,70,420,45,70,1000000,0.3,0.8,0,3,White,head_only,,30
352,Kecleon,normal,,60,70,90,120,60,40,440,200,70,1059860,1,22,0,3,Green,bipedal_tailed,,100
353,Shuppet,ghost,,44,35,75,33,63,45,295,225,35,800000,0.6,2.3,0,3,Black,head_only,,60
354,Banette,ghost,,64,75,165,83,93,75,555,45,35,800000,1.1,12.5,0,3,Black,bipedal_tailed,,110
355,Duskull,ghost,,20,90,40,90,30,25,295,190,35,800000,0.8,15,0,3,Black,head_arms,,80
356,Dusclops,ghost,,40,130,70,130,60,25,455,90,35,800000,1.6,30.6,0,3,Black,bipedal_tailless,,160
357,Tropius,grass,flying,99,83,68,87,72,51,460,200,70,1250000,2,100,0,3,Green,quadruped,,200
358,Chimecho,psychic,,75,80,50,90,95,65,455,45,70,800000,0.6,1,0,3,Blue,head_arms,,60
359,Absol,dark,,65,60,150,60,115,115,565,30,35,1059860,1.2,47,0,3,White,quadruped,,120
360,Wynaut,psychic,,95,48,23,48,23,23,260,125,70,1000000,0.6,14,0,3,Blue,bipedal_tailed,,60
361,Snorunt,ice,,50,50,50,50,50,50,300,190,70,1000000,0.7,16.8,0,3,Grey,bipedal_tailless,,70
362,Glalie,ice,,80,80,120,80,120,100,580,75,70,1000000,1.5,256.5,0,3,Grey,head_only,,150
363,Spheal,ice,water,70,50,40,50,55,25,290,255,70,1059860,0.8,39.5,0,3,Blue,with_fins,,80
364,Sealeo,ice,water,90,70,60,70,75,45,410,120,70,1059860,1.1,87.6,0,3,Blue,with_fins,,110
365,Walrein,ice,water,110,90,80,90,95,65,530,45,70,1059860,1.4,150.6,0,3,Blue,quadruped,,140
366,Clamperl,water,,35,85,64,55,74,32,345,255,70,600000,0.4,52.5,0,3,Blue,head_only,,40
367,Huntail,water,,55,105,104,75,94,52,485,60,70,600000,1.7,27,0,3,Blue,serpentine_body,,170
368,Gorebyss,water,,55,105,84,75,114,52,485,60,70,600000,1.8,22.6,0,3,Pink,serpentine_body,,180
369,Relicanth,water,rock,100,130,90,65,45,55,485,25,70,1250000,1,23.4,0,3,Grey,with_fins,,100
370,Luvdisc,water,,43,55,30,65,40,97,330,225,70,800000,0.6,8.7,0,3,Pink,with_fins,,60
371,Bagon,dragon,,45,60,75,30,40,50,300,45,35,1250000,0.6,42.1,0,3,Blue,bipedal_tailless,,60
372,Shelgon,dragon,,65,100,95,50,60,50,420,45,35,1250000,1.1,110.5,0,3,White,quadruped,,110
373,Salamence,dragon,flying,95,130,145,90,120,120,700,45,35,1250000,1.5,102.6,0,3,Blue,quadruped,,150
374,Beldum,steel,psychic,40,80,55,60,35,30,300,3,35,1250000,0.6,95.2,0,3,Blue,head_base,,60
375,Metang,steel,psychic,60,100,75,80,55,50,420,3,35,1250000,1.2,202.5,0,3,Blue,head_arms,,120
376,Metagross,steel,psychic,80,150,145,110,105,110,700,3,35,1250000,1.6,550,0,3,Blue,multiple_bodies,,160
377,Regirock,rock,,80,200,100,100,50,50,580,3,35,1250000,1.7,230,1,3,Brown,bipedal_tailless,,170
378,Regice,ice,,80,100,50,200,100,50,580,3,35,1250000,1.8,175,1,3,Blue,bipedal_tailless,,180
379,Registeel,steel,,80,150,75,150,75,50,580,3,35,1250000,1.9,205,1,3,Grey,bipedal_tailless,,190
380,Latias,dragon,psychic,80,120,100,150,140,110,700,3,90,1250000,1.4,40,1,3,Red,two_wings,,140
381,Latios,dragon,psychic,80,100,130,120,160,110,700,3,90,1250000,2,60,1,3,Blue,two_wings,,200
382,Kyogre,water,,100,90,150,160,180,90,770,3,0,1250000,4.5,352,1,3,Blue,with_fins,,450
383,Groudon,ground,,100,160,180,90,150,90,770,3,0,1250000,3.5,950,1,3,Red,bipedal_tailed,,350
384,Rayquaza,dragon,flying,105,100,180,100,180,115,780,45,0,1250000,7,206.5,1,3,Green,serpentine_body,,700
385,Jirachi,steel,psychic,100,100,100,100,100,100,600,3,100,1250000,0.3,1.1,1,3,Yellow,bipedal_tailless,,30
386,Deoxys,psychic,,50,90,95,90,95,180,600,3,0,1250000,1.7,60.8,1,3,Red,bipedal_tailless,,170
387,Turtwig,grass,,55,64,68,55,45,31,318,45,70,1059860,0.4,10.2,0,4,Green,quadruped,,40
388,Grotle,grass,,75,85,89,65,55,36,405,45,70,1059860,1.1,97,0,4,Green,quadruped,,110
389,Torterra,grass,ground,95,105,109,85,75,56,525,45,70,1059860,2.2,310,0,4,Green,quadruped,,220
390,Chimchar,fire,,44,44,58,44,58,61,309,45,70,1059860,0.5,6.2,0,4,Brown,bipedal_tailed,,50
391,Monferno,fire,fighting,64,52,78,52,78,81,405,45,70,1059860,0.9,22,0,4,Brown,bipedal_tailed,,90
392,Infernape,fire,fighting,76,71,104,71,104,108,534,45,70,1059860,1.2,55,0,4,Brown,bipedal_tailed,,120
393,Piplup,water,,53,53,51,56,61,40,314,45,70,1059860,0.4,5.2,0,4,Blue,bipedal_tailless,,40
394,Prinplup,water,,64,68,66,76,81,50,405,45,70,1059860,0.8,23,0,4,Blue,bipedal_tailed,,80
395,Empoleon,water,steel,84,88,86,101,111,60,530,45,70,1059860,1.7,84.5,0,4,Blue,bipedal_tailed,,170
396,Starly,normal,flying,40,30,55,30,30,60,245,255,70,1059860,0.3,2,0,4,Brown,two_wings,,30
397,Staravia,normal,flying,55,50,75,40,40,80,340,120,70,1059860,0.6,15.5,0,4,Brown,two_wings,,60
398,Staraptor,normal,flying,85,70,120,60,50,100,485,45,70,1059860,1.2,24.9,0,4,Brown,two_wings,,120
399,Bidoof,normal,,59,40,45,40,35,31,250,255,70,1000000,0.5,20,0,4,Brown,quadruped,,50
400,Bibarel,normal,water,79,60,85,60,55,71,410,127,70,1000000,1,31.5,0,4,Brown,bipedal_tailed,,100
401,Kricketot,bug,,37,41,25,41,25,25,194,255,70,1059860,0.3,2.2,0,4,Red,bipedal_tailless,,30
402,Kricketune,bug,,77,51,85,51,55,65,384,45,70,1059860,1,25.5,0,4,Red,four_wings,,100
403,Shinx,electric,,45,34,65,34,40,45,263,235,70,1059860,0.5,9.5,0,4,Blue,quadruped,,50
404,Luxio,electric,,60,49,85,49,60,60,363,120,100,1059860,0.9,30.5,0,4,Blue,quadruped,,90
405,Luxray,electric,,80,79,120,79,95,70,523,45,70,1059860,1.4,42,0,4,Blue,quadruped,,140
406,Budew,grass,poison,40,35,30,70,50,55,280,255,70,1059860,0.2,1.2,0,4,Green,bipedal_tailless,,20
407,Roserade,grass,poison,60,65,70,105,125,90,515,75,70,1059860,0.9,14.5,0,4,Green,bipedal_tailless,,90
408,Cranidos,rock,,67,40,125,30,30,58,350,45,70,600000,0.9,31.5,0,4,Blue,bipedal_tailed,,90
409,Rampardos,rock,,97,60,165,50,65,58,495,45,70,600000,1.6,102.5,0,4,Blue,bipedal_tailed,,160
410,Shieldon,rock,steel,30,118,42,88,42,30,350,45,70,600000,0.5,57,0,4,Grey,quadruped,,50
411,Bastiodon,rock,steel,60,168,52,138,47,30,495,45,70,600000,1.3,149.5,0,4,Grey,quadruped,,130
412,Burmy,bug,,40,45,29,45,29,36,224,120,70,1000000,0.2,3.4,0,4,Grey,head_base,,20
413,Wormadam,bug,grass,60,95,69,95,69,36,424,45,70,1000000,0.5,6.5,0,4,Grey,head_base,,50
414,Mothim,bug,flying,70,50,94,50,94,66,424,45,70,1000000,0.9,23.3,0,4,Yellow,four_wings,,90
415,Combee,bug,flying,30,42,30,42,30,70,244,120,70,1059860,0.3,5.5,0,4,Yellow,multiple_bodies,,30
416,Vespiquen,bug,flying,70,102,80,102,80,40,474,45,70,1059860,1.2,38.5,0,4,Yellow,four_wings,,120
417,Pachirisu,electric,,60,70,45,90,45,95,405,200,100,1000000,0.4,3.9,0,4,White,quadruped,,40
418,Buizel,water,,55,35,65,30,60,85,330,190,70,1000000,0.7,29.5,0,4,Brown,quadruped,,70
419,Floatzel,water,,85,55,105,50,85,115,495,75,70,1000000,1.1,33.5,0,4,Brown,quadruped,,110
420,Cherubi,grass,,45,45,35,53,62,35,275,190,70,1000000,0.4,3.3,0,4,Pink,multiple_bodies,,40
421,Cherrim,grass,,70,70,60,78,87,85,450,75,70,1000000,0.5,9.3,0,4,Pink,head_legs,,50
422,Shellos,water,,76,48,48,62,57,34,325,190,70,1000000,0.3,6.3,0,4,Purple,serpentine_body,,30
423,Gastrodon,water,ground,111,68,83,82,92,39,475,75,70,1000000,0.9,29.9,0,4,Purple,serpentine_body,,90
424,Ambipom,normal,,75,66,100,66,60,115,482,45,100,800000,1.2,20.3,0,4,Purple,bipedal_tailed,,120
425,Drifloon,ghost,flying,90,34,50,44,60,70,348,125,70,1640000,0.4,1.2,0,4,Purple,head_arms,,40
426,Drifblim,ghost,flying,150,44,80,54,90,80,498,60,70,1640000,1.2,15,0,4,Purple,head_arms,,120
427,Buneary,normal,,55,44,66,56,44,85,350,190,0,1000000,0.4,5.5,0,4,Brown,bipedal_tailed,,40
428,Lopunny,normal,,65,94,136,96,54,135,580,60,140,1000000,1.2,33.3,0,4,Brown,bipedal_tailed,,120
429,Mismagius,ghost,,60,60,60,105,105,105,495,45,35,800000,0.9,4.4,0,4,Purple,head_only,,90
430,Honchkrow,dark,flying,100,52,125,52,105,71,505,30,35,1059860,0.9,27.3,0,4,Black,two_wings,,90
431,Glameow,normal,,49,42,55,37,42,85,310,190,70,800000,0.5,3.9,0,4,Grey,quadruped,,50
432,Purugly,normal,,71,64,82,59,64,112,452,75,70,800000,1,43.8,0,4,Grey,quadruped,,100
433,Chingling,psychic,,45,50,30,50,65,45,285,120,70,800000,0.2,0.6,0,4,Yellow,bipedal_tailless,,20
434,Stunky,poison,dark,63,47,63,41,41,74,329,225,70,1000000,0.4,19.2,0,4,Purple,quadruped,,40
435,Skuntank,poison,dark,103,67,93,61,71,84,479,60,70,1000000,1,38,0,4,Purple,quadruped,,100
436,Bronzor,steel,psychic,57,86,24,86,24,23,300,255,70,1000000,0.5,60.5,0,4,Green,head_only,,50
437,Bronzong,steel,psychic,67,116,89,116,79,33,500,90,70,1000000,1.3,187,0,4,Green,head_arms,,130
438,Bonsly,rock,,50,95,80,45,10,10,290,255,70,1000000,0.5,15,0,4,Brown,head_legs,,50
439,Mime Jr.,psychic,fairy,20,45,25,90,70,60,310,145,70,1000000,0.6,13,0,4,Pink,bipedal_tailless,,60
440,Happiny,normal,,100,5,5,65,15,30,220,130,140,800000,0.6,24.4,0,4,Pink,bipedal_tailless,,60
441,Chatot,normal,flying,76,45,65,42,92,91,411,30,35,1059860,0.5,1.9,0,4,Black,two_wings,,50
442,Spiritomb,ghost,dark,50,108,92,108,92,35,485,100,70,1000000,1,108,0,4,Purple,head_base,,100
443,Gible,dragon,ground,58,45,70,45,40,42,300,45,70,1250000,0.7,20.5,0,4,Blue,bipedal_tailed,,70
444,Gabite,dragon,ground,68,65,90,55,50,82,410,45,70,1250000,1.4,56,0,4,Blue,bipedal_tailed,,140
445,Garchomp,dragon,ground,108,115,170,95,120,92,700,45,70,1250000,1.9,95,0,4,Blue,bipedal_tailed,,190
446,Munchlax,normal,,135,40,85,85,40,5,390,50,70,1250000,0.6,105,0,4,Black,bipedal_tailless,,60
447,Riolu,fighting,,40,40,70,40,35,60,285,75,70,1059860,0.7,20.2,0,4,Blue,bipedal_tailed,,70
448,Lucario,fighting,steel,70,88,145,70,140,112,625,45,70,1059860,1.2,54,0,4,Blue,bipedal_tailed,,120
449,Hippopotas,ground,,68,78,72,42,38,32,330,140,70,1250000,0.8,49.5,0,4,Brown,quadruped,,80
450,Hippowdon,ground,,108,118,112,72,68,47,525,60,70,1250000,2,300,0,4,Brown,quadruped,,200
451,Skorupi,poison,bug,40,90,50,55,30,65,330,120,70,1250000,0.8,12,0,4,Purple,insectoid,,80
452,Drapion,poison,dark,70,110,90,75,60,95,500,45,70,1250000,1.3,61.5,0,4,Purple,insectoid,,130
453,Croagunk,poison,fighting,48,40,61,40,61,50,300,140,100,1000000,0.7,23,0,4,Blue,bipedal_tailless,,70
454,Toxicroak,poison,fighting,83,65,106,65,86,85,490,75,70,1000000,1.3,44.4,0,4,Blue,bipedal_tailless,,130
455,Carnivine,grass,,74,72,100,72,90,46,454,200,70,1250000,1.4,27,0,4,Green,several_limbs,,140
456,Finneon,water,,49,56,49,61,49,66,330,190,70,600000,0.4,7,0,4,Blue,with_fins,,40
457,Lumineon,water,,69,76,69,86,69,91,460,75,70,600000,1.2,24,0,4,Blue,with_fins,,120
458,Mantyke,water,flying,45,50,20,120,60,50,345,25,70,1250000,1,65,0,4,Blue,two_wings,,100
459,Snover,grass,ice,60,50,62,60,62,40,334,120,70,1250000,1,50.5,0,4,White,bipedal_tailed,,100
460,Abomasnow,grass,ice,90,105,132,105,132,30,594,60,70,1250000,2.2,135.5,0,4,White,bipedal_tailed,,220
461,Weavile,dark,ice,70,65,120,85,45,125,510,45,35,1059860,1.1,34,0,4,Black,bipedal_tailed,,110
462,Magnezone,electric,steel,70,115,70,90,130,60,535,30,70,1000000,1.2,180,0,4,Grey,head_arms,,120
463,Lickilicky,normal,,110,95,85,95,80,50,515,30,70,1000000,1.7,140,0,4,Pink,bipedal_tailless,,170
464,Rhyperior,ground,rock,115,130,140,55,55,40,535,30,70,1250000,2.4,282.8,0,4,Grey,bipedal_tailed,,240
465,Tangrowth,grass,,100,125,100,50,110,50,535,30,70,1000000,2,128.6,0,4,Blue,bipedal_tailless,,200
466,Electivire,electric,,75,67,123,85,95,95,540,30,70,1000000,1.8,138.6,0,4,Yellow,bipedal_tailed,,180
467,Magmortar,fire,,75,67,95,95,125,83,540,30,70,1000000,1.6,68,0,4,Red,bipedal_tailed,,160
468,Togekiss,fairy,flying,85,95,50,115,120,80,545,30,70,800000,1.5,38,0,4,White,two_wings,,150
469,Yanmega,bug,flying,86,86,76,56,116,95,515,30,70,1000000,1.9,51.5,0,4,Green,four_wings,,190
470,Leafeon,grass,,65,130,110,65,60,95,525,45,35,1000000,1,25.5,0,4,Green,quadruped,,100
471,Glaceon,ice,,65,110,60,95,130,65,525,45,35,1000000,0.8,25.9,0,4,Blue,quadruped,,80
472,Gliscor,ground,flying,75,125,95,75,45,95,510,30,70,1059860,2,42.5,0,4,Purple,two_wings,,200
473,Mamoswine,ice,ground,110,80,130,60,70,80,530,50,70,1250000,2.5,291,0,4,Brown,quadruped,,250
474,Porygon-Z,normal,,85,70,80,75,135,90,535,30,70,1000000,0.9,34,0,4,Red,head_arms,,90
475,Gallade,psychic,fighting,68,95,165,115,65,110,618,45,35,1250000,1.6,52,0,4,White,bipedal_tailless,,160
476,Probopass,rock,steel,60,145,55,150,75,40,525,60,70,1000000,1.4,340,0,4,Grey,multiple_bodies,,140
477,Dusknoir,ghost,,45,135,100,135,65,45,525,45,35,800000,2.2,106.6,0,4,Black,head_arms,,220
478,Froslass,ice,ghost,70,70,80,70,80,110,480,75,70,1000000,1.3,26.6,0,4,White,head_arms,,130
479,Rotom,electric,ghost,50,107,65,107,105,86,520,45,70,1000000,0.3,0.3,0,4,Red,head_only,,30
480,Uxie,psychic,,75,130,75,130,75,95,580,3,140,1250000,0.3,0.3,1,4,Yellow,bipedal_tailed,,30
481,Mesprit,psychic,,80,105,105,105,105,80,580,3,140,1250000,0.3,0.3,1,4,Pink,bipedal_tailed,,30
482,Azelf,psychic,,75,70,125,70,125,115,580,3,140,1250000,0.3,0.3,1,4,Blue,bipedal_tailed,,30
483,Dialga,steel,dragon,100,120,120,100,150,90,680,3,0,1250000,5.4,683,1,4,White,quadruped,,540
484,Palkia,water,dragon,90,100,120,120,150,100,680,3,0,1250000,4.2,336,1,4,Purple,bipedal_tailed,,420
485,Heatran,fire,steel,91,106,90,106,130,77,600,3,100,1250000,1.7,430,1,4,Brown,quadruped,,170
486,Regigigas,normal,,110,110,160,110,80,100,670,3,0,1250000,3.7,420,1,4,White,bipedal_tailless,,370
487,Giratina,ghost,dragon,150,100,120,100,120,90,680,3,0,1250000,4.5,750,1,4,Black,serpentine_body,,450
488,Cresselia,psychic,,120,120,70,130,75,85,600,3,100,1250000,1.5,85.6,1,4,Yellow,serpentine_body,,150
489,Phione,water,,80,80,80,80,80,80,480,30,70,1250000,0.4,3.1,0,4,Blue,head_arms,,40
490,Manaphy,water,,100,100,100,100,100,100,600,3,70,1250000,0.3,1.4,1,4,Blue,bipedal_tailless,,30
491,Darkrai,dark,,70,90,90,90,135,125,600,3,0,1250000,1.5,50.5,1,4,Black,bipedal_tailless,,150
492,Shaymin,grass,grass,100,75,103,75,120,127,600,45,100,1059860,0.2,2.1,1,4,Green,quadruped,,20
493,Arceus,normal,,120,120,120,120,120,120,720,3,0,1250000,3.2,320,1,4,Grey,quadruped,,320
494,Victini,psychic,fire,100,100,100,100,100,100,600,3,100,1250000,0.4,4,1,5,Yellow,bipedal_tailless,,40
495,Snivy,grass,,45,55,45,55,45,63,308,45,70,1059860,0.6,8.1,0,5,Green,bipedal_tailed,,60
496,Servine,grass,,60,75,60,75,60,83,413,45,70,1059860,0.8,16,0,5,Green,bipedal_tailed,,80
497,Serperior,grass,,75,95,75,95,75,113,528,45,70,1059860,3.3,63,0,5,Green,serpentine_body,,330
498,Tepig,fire,,65,45,63,45,45,45,308,45,70,1059860,0.5,9.9,0,5,Red,quadruped,,50
499,Pignite,fire,fighting,90,55,93,55,70,55,418,45,70,1059860,1,55.5,0,5,Red,bipedal_tailed,,100
500,Emboar,fire,fighting,110,65,123,65,100,65,528,45,70,1059860,1.6,150,0,5,Red,bipedal_tailed,,160
501,Oshawott,water,,55,45,55,45,63,45,308,45,70,1059860,0.5,5.9,0,5,Blue,bipedal_tailed,,50
502,Dewott,water,,75,60,75,60,83,60,413,45,70,1059860,0.8,24.5,0,5,Blue,bipedal_tailed,,80
503,Samurott,water,,95,85,100,70,108,70,528,45,70,1059860,1.5,94.6,0,5,Blue,quadruped,,150
504,Patrat,normal,,45,39,55,39,35,42,255,255,70,1000000,0.5,11.6,0,5,Brown,quadruped,,50
505,Watchog,normal,,60,69,85,69,60,77,420,255,70,1000000,1.1,27,0,5,Brown,bipedal_tailed,,110
506,Lillipup,normal,,45,45,60,45,25,55,275,255,70,1059860,0.4,4.1,0,5,Brown,quadruped,,40
507,Herdier,normal,,65,65,80,65,35,60,370,120,70,1059860,0.9,14.7,0,5,Grey,quadruped,,90
508,Stoutland,normal,,85,90,110,90,45,80,500,45,70,1059860,1.2,61,0,5,Grey,quadruped,,120
509,Purrloin,dark,,41,37,50,37,50,66,281,255,70,1000000,0.4,10.1,0,5,Purple,quadruped,,40
510,Liepard,dark,,64,50,88,50,88,106,446,90,70,1000000,1.1,37.5,0,5,Purple,quadruped,,110
511,Pansage,grass,,50,48,53,48,53,64,316,190,70,1000000,0.6,10.5,0,5,Green,bipedal_tailed,,60
512,Simisage,grass,,75,63,98,63,98,101,498,75,70,1000000,1.1,30.5,0,5,Green,bipedal_tailed,,110
513,Pansear,fire,,50,48,53,48,53,64,316,190,70,1000000,0.6,11,0,5,Red,bipedal_tailed,,60
514,Simisear,fire,,75,63,98,63,98,101,498,75,70,1000000,1,28,0,5,Red,bipedal_tailed,,100
515,Panpour,water,,50,48,53,48,53,64,316,190,70,1000000,0.6,13.5,0,5,Blue,bipedal_tailed,,60
516,Simipour,water,,75,63,98,63,98,101,498,75,70,1000000,1,29,0,5,Blue,bipedal_tailed,,100
517,Munna,psychic,,76,45,25,55,67,24,292,190,70,800000,0.6,23.3,0,5,Pink,quadruped,,60
518,Musharna,psychic,,116,85,55,95,107,29,487,75,70,800000,1.1,60.5,0,5,Pink,bipedal_tailless,,110
519,Pidove,normal,flying,50,50,55,30,36,43,264,255,70,1059860,0.3,2.1,0,5,Grey,two_wings,,30
520,Tranquill,normal,flying,62,62,77,42,50,65,358,120,70,1059860,0.6,15,0,5,Grey,two_wings,,60
521,Unfezant,normal,flying,80,80,115,55,65,93,488,45,70,1059860,1.2,29,0,5,Grey,two_wings,,120
522,Blitzle,electric,,45,32,60,32,50,76,295,190,70,1000000,0.8,29.8,0,5,Black,quadruped,,80
523,Zebstrika,electric,,75,63,100,63,80,116,497,75,70,1000000,1.6,79.5,0,5,Black,quadruped,,160
524,Roggenrola,rock,,55,85,75,25,25,15,280,255,70,1059860,0.4,18,0,5,Blue,head_legs,,40
525,Boldore,rock,,70,105,105,40,50,20,390,120,70,1059860,0.9,102,0,5,Blue,several_limbs,,90
526,Gigalith,rock,,85,130,135,80,60,25,515,45,70,1059860,1.7,260,0,5,Blue,several_limbs,,170
527,Woobat,psychic,flying,65,43,45,43,55,72,323,190,70,1000000,0.4,2.1,0,5,Blue,two_wings,,40
528,Swoobat,psychic,flying,67,55,57,55,77,114,425,45,70,1000000,0.9,10.5,0,5,Blue,two_wings,,90
529,Drilbur,ground,,60,40,85,45,30,68,328,120,70,1000000,0.3,8.5,0,5,Grey,bipedal_tailed,,30
530,Excadrill,ground,steel,110,60,135,65,50,88,508,60,70,1000000,0.7,40.4,0,5,Grey,bipedal_tailless,,70
531,Audino,normal,,103,126,60,126,80,50,545,255,70,800000,1.1,31,0,5,Pink,bipedal_tailed,,110
532,Timburr,fighting,,75,55,80,35,25,35,305,180,70,1059860,0.6,12.5,0,5,Grey,bipedal_tailless,,60
533,Gurdurr,fighting,,85,85,105,50,40,40,405,90,70,1059860,1.2,40,0,5,Grey,bipedal_tailless,,120
534,Conkeldurr,fighting,,105,95,140,65,55,45,505,45,70,1059860,1.4,87,0,5,Grey,bipedal_tailless,,140
535,Tympole,water,,50,40,50,40,50,64,294,255,70,1059860,0.5,4.5,0,5,Blue,with_fins,,50
536,Palpitoad,water,ground,75,55,65,55,65,69,384,120,70,1059860,0.8,17,0,5,Blue,bipedal_tailed,,80
537,Seismitoad,water,ground,105,75,95,75,85,74,509,45,70,1059860,1.5,62,0,5,Blue,bipedal_tailless,,150
538,Throh,fighting,,120,85,100,85,30,45,465,45,70,1000000,1.3,55.5,0,5,Red,bipedal_tailless,,130
539,Sawk,fighting,,75,75,125,75,30,85,465,45,70,1000000,1.4,51,0,5,Blue,bipedal_tailless,,140
540,Sewaddle,bug,grass,45,70,53,60,40,42,310,255,70,1059860,0.3,2.5,0,5,Yellow,insectoid,,30
541,Swadloon,bug,grass,55,90,63,80,50,42,380,120,70,1059860,0.5,7.3,0,5,Green,head_arms,,50
542,Leavanny,bug,grass,75,80,103,80,70,92,500,45,70,1059860,1.2,20.5,0,5,Yellow,bipedal_tailless,,120
543,Venipede,bug,poison,30,59,45,39,30,57,260,255,70,1059860,0.4,5.3,0,5,Red,insectoid,,40
544,Whirlipede,bug,poison,40,99,55,79,40,47,360,120,70,1059860,1.2,58.5,0,5,Grey,head_only,,120
545,Scolipede,bug,poison,60,89,100,69,55,112,485,45,70,1059860,2.5,200.5,0,5,Red,insectoid,,250
546,Cottonee,grass,fairy,40,60,27,50,37,66,280,190,70,1000000,0.3,0.6,0,5,Green,head_only,,30
547,Whimsicott,grass,fairy,60,85,67,75,77,116,480,75,70,1000000,0.7,6.6,0,5,Green,bipedal_tailless,,70
548,Petilil,grass,,45,50,35,50,70,30,280,190,70,1000000,0.5,6.6,0,5,Green,head_base,,50
549,Lilligant,grass,,70,75,60,75,110,90,480,75,70,1000000,1.1,16.3,0,5,Green,head_base,,110
550,Basculin,water,,70,65,92,55,80,98,460,25,70,1000000,1,18,0,5,Green,with_fins,,100
551,Sandile,ground,dark,50,35,72,35,35,65,292,180,70,1059860,0.7,15.2,0,5,Brown,quadruped,,70
552,Krokorok,ground,dark,60,45,82,45,45,74,351,90,70,1059860,1,33.4,0,5,Brown,quadruped,,100
553,Krookodile,ground,dark,95,80,117,70,65,92,519,45,70,1059860,1.5,96.3,0,5,Red,bipedal_tailed,,150
554,Darumaka,fire,,70,45,90,45,15,50,315,120,70,1059860,0.6,37.5,0,5,Red,bipedal_tailless,,60
555,Darmanitan,fire,fire,105,105,30,105,140,55,540,60,70,1059860,1.3,92.9,0,5,Red,quadruped,,130
556,Maractus,grass,,75,67,86,67,106,60,461,255,70,1000000,1,28,0,5,Green,head_base,,100
557,Dwebble,bug,rock,50,85,65,35,35,55,325,190,70,1000000,0.3,14.5,0,5,Red,insectoid,,30
558,Crustle,bug,rock,70,125,105,75,65,45,485,75,70,1000000,1.4,200,0,5,Red,insectoid,,140
559,Scraggy,dark,fighting,50,70,75,70,35,48,348,180,35,1000000,0.6,11.8,0,5,Yellow,bipedal_tailed,,60
560,Scrafty,dark,fighting,65,115,90,115,45,58,488,90,70,1000000,1.1,30,0,5,Red,bipedal_tailed,,110
561,Sigilyph,psychic,flying,72,80,58,80,103,97,490,45,70,1000000,1.4,14,0,5,Black,two_wings,,140
562,Yamask,ghost,,38,85,30,65,55,30,303,190,70,1000000,0.5,1.5,0,5,Black,head_arms,,50
563,Cofagrigus,ghost,,58,145,50,105,95,30,483,90,70,1000000,1.7,76.5,0,5,Yellow,head_base,,170
564,Tirtouga,water,rock,54,103,78,45,53,22,355,45,70,1000000,0.7,16.5,0,5,Blue,quadruped,,70
565,Carracosta,water,rock,74,133,108,65,83,32,495,45,70,1000000,1.2,81,0,5,Blue,bipedal_tailed,,120
566,Archen,rock,flying,55,45,112,45,74,70,401,45,70,1000000,0.5,9.5,0,5,Yellow,two_wings,,50
567,Archeops,rock,flying,75,65,140,65,112,110,567,45,70,1000000,1.4,32,0,5,Yellow,two_wings,,140
568,Trubbish,poison,,50,62,50,62,40,65,329,190,70,1000000,0.6,31,0,5,Green,bipedal_tailless,,60
569,Garbodor,poison,,80,82,95,82,60,75,474,60,70,1000000,1.9,107.3,0,5,Green,bipedal_tailless,,190
570,Zorua,dark,,40,40,65,40,80,65,330,75,70,1059860,0.7,12.5,0,5,Grey,quadruped,,70
571,Zoroark,dark,,60,60,105,60,120,105,510,45,70,1059860,1.6,81.1,0,5,Grey,bipedal_tailed,,160
572,Minccino,normal,,55,40,50,40,40,75,300,255,70,800000,0.4,5.8,0,5,Grey,quadruped,,40
573,Cinccino,normal,,75,60,95,60,65,115,470,60,70,800000,0.5,7.5,0,5,Grey,quadruped,,50
574,Gothita,psychic,,45,50,30,65,55,45,290,200,70,1059860,0.4,5.8,0,5,Purple,bipedal_tailless,,40
575,Gothorita,psychic,,60,70,45,85,75,55,390,100,70,1059860,0.7,18,0,5,Purple,bipedal_tailless,,70
576,Gothitelle,psychic,,70,95,55,110,95,65,490,50,70,1059860,1.5,44,0,5,Purple,bipedal_tailless,,150
577,Solosis,psychic,,45,40,30,50,105,20,290,200,70,1059860,0.3,1,0,5,Green,head_only,,30
578,Duosion,psychic,,65,50,40,60,125,30,370,100,70,1059860,0.6,8,0,5,Green,head_only,,60
579,Reuniclus,psychic,,110,75,65,85,125,30,490,50,70,1059860,1,20.1,0,5,Green,head_arms,,100
580,Ducklett,water,flying,62,50,44,50,44,55,305,190,70,1000000,0.5,5.5,0,5,Blue,two_wings,,50
581,Swanna,water,flying,75,63,87,63,87,98,473,45,70,1000000,1.3,24.2,0,5,White,two_wings,,130
582,Vanillite,ice,,36,50,50,60,65,44,305,255,70,1250000,0.4,5.7,0,5,White,head_base,,40
583,Vanillish,ice,,51,65,65,75,80,59,395,120,70,1250000,1.1,41,0,5,White,head_base,,110
584,Vanilluxe,ice,,71,85,95,95,110,79,535,45,70,1250000,1.3,57.5,0,5,White,multiple_bodies,,130
585,Deerling,normal,grass,60,50,60,50,40,75,335,190,70,1000000,0.6,19.5,0,5,Yellow,quadruped,,60
586,Sawsbuck,normal,grass,80,70,100,70,60,95,475,75,70,1000000,1.9,92.5,0,5,Brown,quadruped,,190
587,Emolga,electric,flying,55,60,75,60,75,103,428,200,70,1000000,0.4,5,0,5,White,quadruped,,40
588,Karrablast,bug,,50,45,75,45,40,60,315,200,70,1000000,0.5,5.9,0,5,Blue,bipedal_tailless,,50
589,Escavalier,bug,steel,70,105,135,105,60,20,495,75,70,1000000,1,33,0,5,Grey,head_arms,,100
590,Foongus,grass,poison,69,45,55,55,55,15,294,190,70,1000000,0.2,1,0,5,White,head_arms,,20
591,Amoonguss,grass,poison,114,70,85,80,85,30,464,75,70,1000000,0.6,10.5,0,5,Grey,head_arms,,60
592,Frillish,water,ghost,55,50,40,85,65,40,335,190,70,1000000,1.2,33,0,5,White,several_limbs,,120
593,Jellicent,water,ghost,100,70,60,105,85,60,480,60,70,1000000,2.2,135,0,5,White,several_limbs,,220
594,Alomomola,water,,165,80,75,45,40,65,470,75,70,800000,1.2,31.6,0,5,Pink,with_fins,,120
595,Joltik,bug,electric,50,50,47,50,57,65,319,190,70,1000000,0.1,0.6,0,5,Yellow,insectoid,,10
596,Galvantula,bug,electric,70,60,77,60,97,108,472,75,70,1000000,0.8,14.3,0,5,Yellow,insectoid,,80
597,Ferroseed,grass,steel,44,91,50,86,24,10,305,255,70,1000000,0.6,18.8,0,5,Grey,head_only,,60
598,Ferrothorn,grass,steel,74,131,94,116,54,20,489,90,70,1000000,1,110,0,5,Grey,several_limbs,,100
599,Klink,steel,,40,70,55,60,45,30,300,130,70,1059860,0.3,21,0,5,Grey,multiple_bodies,,30
600,Klang,steel,,60,95,80,85,70,50,440,60,70,1059860,0.6,51,0,5,Grey,multiple_bodies,,60
601,Klinklang,steel,,60,115,100,85,70,90,520,30,70,1059860,0.6,81,0,5,Grey,multiple_bodies,,60
602,Tynamo,electric,,35,40,55,40,45,60,275,190,70,1250000,0.2,0.3,0,5,White,with_fins,,20
603,Eelektrik,electric,,65,70,85,70,75,40,405,60,70,1250000,1.2,22,0,5,Blue,with_fins,,120
604,Eelektross,electric,,85,80,115,80,105,50,515,30,70,1250000,2.1,80.5,0,5,Blue,with_fins,,210
605,Elgyem,psychic,,55,55,55,55,85,30,335,255,70,1000000,0.5,9,0,5,Grey,bipedal_tailed,,50
606,Beheeyem,psychic,,75,75,75,95,125,40,485,90,70,1000000,1,34.5,0,5,Brown,bipedal_tailless,,100
607,Litwick,ghost,fire,50,55,30,55,65,20,275,190,70,1059860,0.3,3.1,0,5,White,head_base,,30
608,Lampent,ghost,fire,60,60,40,60,95,55,370,90,70,1059860,0.6,13,0,5,Black,head_arms,,60
609,Chandelure,ghost,fire,60,90,55,90,145,80,520,45,70,1059860,1,34.3,0,5,Black,head_arms,,100
610,Axew,dragon,,46,60,87,40,30,57,320,75,35,1250000,0.6,18,0,5,Green,bipedal_tailed,,60
611,Fraxure,dragon,,66,70,117,50,40,67,410,60,35,1250000,1,36,0,5,Green,bipedal_tailed,,100
612,Haxorus,dragon,,76,90,147,70,60,97,540,45,35,1250000,1.8,105.5,0,5,Yellow,bipedal_tailed,,180
613,Cubchoo,ice,,55,40,70,40,60,40,305,120,70,1000000,0.5,8.5,0,5,Blue,bipedal_tailed,,50
614,Beartic,ice,,95,80,130,80,70,50,505,60,70,1000000,2.6,260,0,5,White,quadruped,,260
615,Cryogonal,ice,,80,50,50,135,95,105,515,25,70,1000000,1.1,148,0,5,Blue,head_only,,110
616,Shelmet,bug,,50,85,40,65,40,25,305,200,70,1000000,0.4,7.7,0,5,Red,head_only,,40
617,Accelgor,bug,,80,40,70,60,100,145,495,75,70,1000000,0.8,25.3,0,5,Red,head_arms,,80
618,Stunfisk,ground,electric,109,84,66,99,81,32,471,75,70,1000000,0.7,11,0,5,Brown,with_fins,,70
619,Mienfoo,fighting,,45,50,85,50,55,65,350,180,70,1059860,0.9,20,0,5,Yellow,bipedal_tailed,,90
620,Mienshao,fighting,,65,60,125,60,95,105,510,45,70,1059860,1.4,35.5,0,5,Purple,bipedal_tailed,,140
621,Druddigon,dragon,,77,90,120,90,60,48,485,45,70,1000000,1.6,139,0,5,Red,bipedal_tailed,,160
622,Golett,ground,ghost,59,50,74,50,35,35,303,190,70,1000000,1,92,0,5,Green,bipedal_tailless,,100
623,Golurk,ground,ghost,89,80,124,80,55,55,483,90,70,1000000,2.8,330,0,5,Green,bipedal_tailless,,280
624,Pawniard,dark,steel,45,70,85,40,40,60,340,120,35,1000000,0.5,10.2,0,5,Red,bipedal_tailless,,50
625,Bisharp,dark,steel,65,100,125,70,60,70,490,45,35,1000000,1.6,70,0,5,Red,bipedal_tailless,,160
626,Bouffalant,normal,,95,95,110,95,40,55,490,45,70,1000000,1.6,94.6,0,5,Brown,quadruped,,160
627,Rufflet,normal,flying,70,50,83,50,37,60,350,190,70,1250000,0.5,10.5,0,5,White,two_wings,,50
628,Braviary,normal,flying,100,75,123,75,57,80,510,60,70,1250000,1.5,41,0,5,Red,two_wings,,150
629,Vullaby,dark,flying,70,75,55,65,45,60,370,190,35,1250000,0.5,9,0,5,Brown,two_wings,,50
630,Mandibuzz,dark,flying,110,105,65,95,55,80,510,60,35,1250000,1.2,39.5,0,5,Brown,two_wings,,120
631,Heatmor,fire,,85,66,97,66,105,65,484,90,70,1000000,1.4,58,0,5,Red,bipedal_tailed,,140
632,Durant,bug,steel,58,112,109,48,48,109,484,90,70,1000000,0.3,33,0,5,Grey,insectoid,,30
633,Deino,dark,dragon,52,50,65,50,45,38,300,45,35,1250000,0.8,17.3,0,5,Blue,quadruped,,80
634,Zweilous,dark,dragon,72,70,85,70,65,58,420,45,35,1250000,1.4,50,0,5,Blue,quadruped,,140
635,Hydreigon,dark,dragon,92,90,105,90,125,98,600,45,35,1250000,1.8,160,0,5,Blue,bipedal_tailed,,180
636,Larvesta,bug,fire,55,55,85,55,50,60,360,45,70,1250000,1.1,28.8,0,5,White,insectoid,,110
637,Volcarona,bug,fire,85,65,60,105,135,100,550,15,70,1250000,1.6,46,0,5,White,four_wings,,160
638,Cobalion,steel,fighting,91,129,90,72,90,108,580,3,35,1250000,2.1,250,1,5,Blue,quadruped,,210
639,Terrakion,rock,fighting,91,90,129,90,72,108,580,3,35,1250000,1.9,260,1,5,Grey,quadruped,,190
640,Virizion,grass,fighting,91,72,90,129,90,108,580,3,35,1250000,2,200,1,5,Green,quadruped,,200
641,Tornadus,flying,,79,80,100,90,110,121,580,3,90,1250000,1.5,63,1,5,Green,head_arms,,150
642,Thundurus,electric,flying,79,70,105,80,145,101,580,3,90,1250000,1.5,61,1,5,Blue,head_arms,,150
643,Reshiram,dragon,fire,100,100,120,120,150,90,680,3,0,1250000,3.2,330,1,5,White,two_wings,,320
644,Zekrom,dragon,electric,100,120,150,100,120,90,680,3,0,1250000,2.9,345,1,5,Black,bipedal_tailed,,290
645,Landorus,ground,flying,89,90,145,80,105,91,600,3,90,1250000,1.5,68,1,5,Brown,head_arms,,150
646,Kyurem,dragon,ice,125,90,120,100,170,95,700,3,0,1250000,3,325,1,5,Grey,bipedal_tailed,,300
647,Keldeo,water,fighting,91,90,72,90,129,108,580,3,35,1250000,1.4,48.5,1,5,Yellow,quadruped,,140
648,Meloetta,normal,psychic,100,90,128,77,77,128,600,3,100,1250000,0.6,6.5,1,5,White,bipedal_tailless,,60
649,Genesect,bug,steel,71,95,120,95,120,99,600,3,0,1250000,1.5,82.5,1,5,Purple,bipedal_tailless,,150
650,Chespin,grass,,56,65,61,45,48,38,313,45,70,1059860,0.4,9,0,6,Green,bipedal_tailed,,40
651,Quilladin,grass,,61,95,78,58,56,57,405,45,70,1059860,0.7,29,0,6,Green,bipedal_tailed,,70
652,Chesnaught,grass,fighting,88,122,107,75,74,64,530,45,70,1059860,1.6,90,0,6,Green,bipedal_tailed,,160
653,Fennekin,fire,,40,40,45,60,62,60,307,45,70,1059860,0.4,9.4,0,6,Red,quadruped,,40
654,Braixen,fire,,59,58,59,70,90,73,409,45,70,1059860,1,14.5,0,6,Red,bipedal_tailed,,100
655,Delphox,fire,psychic,75,72,69,100,114,104,534,45,70,1059860,1.5,39,0,6,Red,bipedal_tailed,,150
656,Froakie,water,,41,40,56,44,62,71,314,45,70,1059860,0.3,7,0,6,Blue,quadruped,,30
657,Frogadier,water,,54,52,63,56,83,97,405,45,70,1059860,0.6,10.9,0,6,Blue,bipedal_tailless,,60
658,Greninja,water,dark,72,67,145,71,153,132,640,45,70,1059860,1.5,40,0,6,Blue,bipedal_tailless,,150
659,Bunnelby,normal,,38,38,36,36,32,57,237,255,70,1000000,0.4,5,0,6,Brown,bipedal_tailed,,40
660,Diggersby,normal,ground,85,77,56,77,50,78,423,127,70,1000000,1,42.4,0,6,Brown,bipedal_tailed,,100
661,Fletchling,normal,flying,45,43,50,38,40,62,278,255,70,1059860,0.3,1.7,0,6,Red,two_wings,,30
662,Fletchinder,fire,flying,62,55,73,52,56,84,382,120,70,1059860,0.7,16,0,6,Red,two_wings,,70
663,Talonflame,fire,flying,78,71,81,69,74,126,499,45,70,1059860,1.2,24.5,0,6,Red,two_wings,,120
664,Scatterbug,bug,,38,40,35,25,27,35,200,255,70,1000000,0.3,2.5,0,6,Black,insectoid,,30
665,Spewpa,bug,,45,60,22,30,27,29,213,120,70,1000000,0.3,8.4,0,6,Black,head_base,,30
666,Vivillon,bug,flying,80,50,52,50,90,89,411,45,70,1000000,1.2,17,0,6,Black,four_wings,,120
667,Litleo,fire,normal,62,58,50,54,73,72,369,220,70,1059860,0.6,13.5,0,6,Brown,quadruped,,60
668,Pyroar,fire,normal,86,72,68,66,109,106,507,65,70,1059860,1.5,81.5,0,6,Brown,quadruped,,150
669,Flabébé,fairy,,44,39,38,79,61,42,303,225,70,1000000,0.1,0.1,0,6,White,head_arms,,10
670,Floette,fairy,,74,67,65,128,125,92,551,120,70,1000000,0.2,0.9,0,6,White,head_arms,,20
671,Florges,fairy,,78,68,65,154,112,75,552,45,70,1000000,1.1,10,0,6,White,head_arms,,110
672,Skiddo,grass,,66,48,65,57,62,52,350,200,70,1000000,0.9,31,0,6,Brown,quadruped,,90
673,Gogoat,grass,,123,62,100,81,97,68,531,45,70,1000000,1.7,91,0,6,Brown,quadruped,,170
674,Pancham,fighting,,67,62,82,48,46,43,348,220,70,1000000,0.6,8,0,6,White,bipedal_tailed,,60
675,Pangoro,fighting,dark,95,78,124,71,69,58,495,65,70,1000000,2.1,136,0,6,White,bipedal_tailless,,210
676,Furfrou,normal,,75,60,80,90,65,102,472,160,70,1000000,1.2,28,0,6,White,quadruped,,120
677,Espurr,psychic,,62,54,48,60,63,68,355,190,70,1000000,0.3,3.5,0,6,Grey,bipedal_tailed,,30
678,Meowstic,psychic,,74,76,48,81,83,104,466,75,70,1000000,0.6,8.5,0,6,White,bipedal_tailed,,60
679,Honedge,steel,ghost,45,100,80,37,35,28,325,180,70,1000000,0.8,2,0,6,Brown,head_base,,80
680,Doublade,steel,ghost,59,150,110,49,45,35,448,90,70,1000000,0.8,4.5,0,6,Brown,multiple_bodies,,80
681,Aegislash,steel,ghost,60,50,150,50,150,60,520,45,70,1000000,1.7,53,0,6,Brown,head_base,,170
682,Spritzee,fairy,,78,60,52,65,63,23,341,200,70,1000000,0.2,0.5,0,6,Pink,head_arms,,20
683,Aromatisse,fairy,,101,72,72,89,99,29,462,140,70,1000000,0.8,15.5,0,6,Pink,bipedal_tailless,,80
684,Swirlix,fairy,,62,66,48,57,59,49,341,200,70,1000000,0.4,3.5,0,6,White,head_legs,,40
685,Slurpuff,fairy,,82,86,80,75,85,72,480,140,70,1000000,0.8,5,0,6,White,bipedal_tailless,,80
686,Inkay,dark,psychic,53,53,54,46,37,45,288,190,70,1000000,0.4,3.5,0,6,Blue,several_limbs,,40
687,Malamar,dark,psychic,86,88,92,75,68,73,482,80,70,1000000,1.5,47,0,6,Blue,head_base,,150
688,Binacle,rock,water,42,67,52,56,39,50,306,120,70,1000000,0.5,31,0,6,Brown,multiple_bodies,,50
689,Barbaracle,rock,water,72,115,105,86,54,68,500,45,70,1000000,1.3,96,0,6,Brown,multiple_bodies,,130
690,Skrelp,poison,water,50,60,60,60,60,30,320,225,70,1000000,0.5,7.3,0,6,Brown,head_base,,50
691,Dragalge,poison,dragon,65,90,75,123,97,44,494,55,70,1000000,1.8,81.5,0,6,Brown,head_base,,180
692,Clauncher,water,,50,62,53,63,58,44,330,225,70,1250000,0.5,8.3,0,6,Blue,insectoid,,50
693,Clawitzer,water,,71,88,73,89,120,59,500,55,70,1250000,1.3,35.3,0,6,Blue,serpentine_body,,130
694,Helioptile,electric,normal,44,33,38,43,61,70,289,190,70,1000000,0.5,6,0,6,Yellow,bipedal_tailed,,50
695,Heliolisk,electric,normal,62,52,55,94,109,109,481,75,70,1000000,1,21,0,6,Yellow,bipedal_tailed,,100
696,Tyrunt,rock,dragon,58,77,89,45,45,48,362,45,70,1000000,0.8,26,0,6,Brown,bipedal_tailed,,80
697,Tyrantrum,rock,dragon,82,119,121,59,69,71,521,45,70,1000000,2.5,270,0,6,Red,bipedal_tailed,,250
698,Amaura,rock,ice,77,50,59,63,67,46,362,45,70,1000000,1.3,25.2,0,6,Blue,quadruped,,130
699,Aurorus,rock,ice,123,72,77,92,99,58,521,45,70,1000000,2.7,225,0,6,Blue,quadruped,,270
700,Sylveon,fairy,,95,65,65,130,110,60,525,45,70,1000000,1,23.5,0,6,Pink,quadruped,,100
701,Hawlucha,fighting,flying,78,75,92,63,74,118,500,100,70,1000000,0.8,21.5,0,6,Green,bipedal_tailless,,80
702,Dedenne,electric,fairy,67,57,58,67,81,101,431,180,70,1000000,0.2,2.2,0,6,Yellow,bipedal_tailed,,20
703,Carbink,rock,fairy,50,150,50,150,50,50,500,60,70,1250000,0.3,5.7,0,6,Grey,head_only,,30
704,Goomy,dragon,,45,35,50,75,55,40,300,45,35,1250000,0.3,2.8,0,6,Purple,serpentine_body,,30
705,Sliggoo,dragon,,68,53,75,113,83,60,452,45,35,1250000,0.8,17.5,0,6,Purple,serpentine_body,,80
706,Goodra,dragon,,90,70,100,150,110,80,600,45,35,1250000,2,150.5,0,6,Purple,bipedal_tailed,,200
707,Klefki,steel,fairy,57,91,80,87,80,75,470,75,70,800000,0.2,3,0,6,Grey,head_only,,20
708,Phantump,ghost,grass,43,48,70,60,50,38,309,120,70,1000000,0.4,7,0,6,Brown,head_arms,,40
709,Trevenant,ghost,grass,85,76,110,82,65,56,474,60,70,1000000,1.5,71,0,6,Brown,several_limbs,,150
710,Pumpkaboo,ghost,grass,59,70,66,55,44,41,335,120,70,1000000,0.8,15,0,6,Brown,head_only,,80
711,Gourgeist,ghost,grass,85,122,100,75,58,54,494,60,70,1000000,1.7,39,0,6,Brown,head_base,,170
712,Bergmite,ice,,55,85,69,35,32,28,304,190,70,1000000,1,99.5,0,6,Blue,quadruped,,100
713,Avalugg,ice,,95,184,117,46,44,28,514,55,70,1000000,2,505,0,6,Blue,quadruped,,200
714,Noibat,flying,dragon,40,35,30,40,45,55,245,190,70,1000000,0.5,8,0,6,Purple,two_wings,,50
715,Noivern,flying,dragon,85,80,70,80,97,123,535,45,70,1000000,1.5,85,0,6,Purple,two_wings,,150
716,Xerneas,fairy,,126,95,131,98,131,99,680,45,0,1250000,3,215,1,6,Blue,quadruped,,300
717,Yveltal,dark,flying,126,95,131,98,131,99,680,45,0,1250000,5.8,203,1,6,Red,two_wings,,580
718,Zygarde,dragon,ground,216,121,100,95,91,85,708,3,0,1250000,5,284.6,1,6,Green,serpentine_body,,500
719,Diancie,rock,fairy,50,110,160,110,160,110,700,3,70,1250000,0.7,8.8,1,6,Pink,head_arms,,70
720,Hoopa,psychic,ghost,80,60,160,130,170,80,680,3,100,1250000,0.5,9,1,6,Purple,head_only,,50
721,Volcanion,fire,water,80,120,110,90,130,70,600,3,100,1250000,1.7,195,1,6,Brown,quadruped,,170
